Management,Model,SKU,Domain Code,Device Type,Deployment,Wi-Fi,Radio Config,Spatial Streams,Bands (GHz),Antenna Type,Uplink Speed,Ports,Ports notes,PoE Class,Rugged,Features,Datasheet Link,Lifecycle Status,Notes
Unified,Cisco Wireless 9179F,CW9179F,No,Indoor/Outdoor,Unified (On-Prem/Cloud),7,4x4:4 (4 MU-MIMO radios),16,2.4 / 5 / 6,Internal (optional kit),10G mGig,2,,bt,Yes (with environment kit),"GNSS/GPS, UWB, CleanAir, Security radio",https://www.cisco.com/site/us/en/products/collateral/networking/wireless/access-points/catalyst-9100-series/wireless-9179f-access-point-ds.html,Current,IP65 / IP67 only with Outdoor Environment Pack CW-ACC- 9179-B-00 installed
Unified,Cisco Wireless 9178I ,"CW9178I-CFG, CW9178I-RTG",No,Indoor,Unified (On-Prem/Cloud),7,4x4:4 (4 MU-MIMO radios),16-Dec,2.4 / 5 / 6,Internal (omni),10G mGig,2,,bt,No,"GNSS/GPS, UWB, CleanAir, Security radio",https://www.cisco.com/c/en/us/products/collateral/wireless/catalyst-9100ax-access-points/wireless-9178-series-access-point-ds.html,Current,
Unified,Cisco Wireless 9177I,"CW9177I-CFG, CW9177I-RTG",No,Outdoor,Unified (On-Prem/Cloud),7,4x4:4 (4 MU-MIMO radios),12,2.4 / 5 / 6,Internal (omni),10G mGig,2,mGig + SFP,bt,No,"GNSS/GPS, UWB, CleanAir, Security radio",https://www.cisco.com/c/en/us/products/collateral/networking/wireless/access-points/wireless-9177-series-access-points-ds.html,Shipping Sep 2026,
Unified,Cisco Wireless 9177D,"CW9177D-CFG, CW9177D-RTG",No,Outdoor,Unified (On-Prem/Cloud),7,4x4:4 (4 MU-MIMO radios),12,2.4 / 5 / 6,Internal (directional),10G mGig,2,mGig + SFP,bt,No,"GNSS/GPS, UWB, CleanAir, Security radio",https://www.cisco.com/c/en/us/products/collateral/networking/wireless/access-points/wireless-9177-series-access-points-ds.html,Shipping Sep 2026,
Unified,Cisco Wireless 9177E,"CW9177E-CFG, CW9177E-RTG",No,Outdoor,Unified (On-Prem/Cloud),7,4x4:4 (4 MU-MIMO radios),12,2.4 / 5 / 6,External,10G mGig,2,mGig + SFP,bt,No,"GNSS/GPS, UWB, CleanAir, Security radio",https://www.cisco.com/c/en/us/products/collateral/networking/wireless/access-points/wireless-9177-series-access-points-ds.html,Shipping Sep 2026,
Unified,Cisco Wireless 9176I ,"CW9176I-CFG, CW9176I-RTG",No,Indoor,Unified (On-Prem/Cloud),7,"4x4:4 (tri-radio, Flexible Radio Assignment)",12,2.4 / 5 / 6,Internal (omni),10G mGig,1,,at/bt,No,"GNSS/GPS, UWB, CleanAir, Security radio",https://www.cisco.com/c/en/us/products/collateral/wireless/catalyst-9100ax-access-points/wireless-9176-series-acc-point-ds.html,Current,
Unified,Cisco Wireless 9176D1 ,"CW9176D1-CFG, CW9176D1-RTG",No,Indoor,Unified (On-Prem/Cloud),7,"4x4:4 (tri-radio, Flexible Radio Assignment)",12,2.4 / 5 / 6,Internal (directional),10G mGig,1,,at/bt,No,"GNSS/GPS, UWB, CleanAir, Security radio",https://www.cisco.com/c/en/us/products/collateral/wireless/catalyst-9100ax-access-points/wireless-9176-series-acc-point-ds.html,Current,
Unified,Cisco Wireless 9174I,"CW9174I-CFG, CW9174I-RTG",No,Indoor,Unified (On-Prem/Cloud),7,"4x4:4 (5/6 GHz), 2x2 (2.4 GHz)",10-Aug,2.4 / 5 / 6,Internal (omni),5G mGig,1,,at/bt,No,"CleanAir, Security radio",https://www.cisco.com/c/en/us/products/collateral/wireless/catalyst-9100ax-access-points/wireless-9174-series-access-points-ds.html,Current,
Unified,Cisco Wireless 9174E,"CW9174E-CFG, CW9174E-RTG",No,Indoor,Unified (On-Prem/Cloud),7,"4x4:4 (5/6 GHz), 2x2 (2.4 GHz)",10-Aug,2.4 / 5 / 6,External,5G mGig,1,,at/bt,No,"CleanAir, Security radio",https://www.cisco.com/c/en/us/products/collateral/wireless/catalyst-9100ax-access-points/wireless-9174-series-access-points-ds.html,Current,
Unified,Cisco Wireless 9172I,"CW9172I-CFG, CW9172I-RTG",No,Indoor,Unified (On-Prem/Cloud),7,2x2 (Tri-radio),6,2.4 / 5 / 6,Internal (omni),2.5G mGig,1,,at,No,"CleanAir, Security radio",https://www.cisco.com/c/en/us/products/collateral/wireless/catalyst-9100ax-access-points/wireless-9172-series-access-points-ds.html,Current,
Unified,Cisco Wireless 9172H,"CW9172H-CFG, CW9172H-RTG",No,Indoor (wall-plate),Unified (On-Prem/Cloud),7,2x2 (Tri-radio),6,2.4 / 5 / 6,Internal (wall-plate),2.5G mGig,4,"1 uplink, 3 LAN ports 1Gbps, 1 passthrough port",at,No,"CleanAir, Security radio",https://www.cisco.com/c/en/us/products/collateral/wireless/catalyst-9100ax-access-points/wireless-9172-series-access-points-ds.html,Current,
Unified,Cisco Wireless 9171I,"CW9171I-CFG, CW9171I-RTG",No,Indoor,Unified (On-Prem/Cloud),7,2x2 (Dual-radio),4,2.4 / 5 / 6,Internal (omni),2.5G mGig,1,,at (af reduced),No,"CleanAir, Security radio",https://www.cisco.com/c/en/us/products/collateral/wireless/catalyst-9100ax-access-points/wireless-9171-series-acc-point-ds.html,Current,
Unified,Catalyst 9166I,"CW9166I, CW9166I-MR",No,Indoor,Unified (On-Prem/Cloud),6E,"4x4 (Tri-radio), XOR dual",12,2.4 / 5 / 6,Internal (omni),5G mGig,1,,at/bt,No,"CleanAir, Security radio",https://www.cisco.com/c/en/us/products/collateral/wireless/catalyst-9166-series-access-points/catalyst-9166-series-access-points-ds.html,Current,
Unified,Catalyst 9166D1,"CW9166D1, CW9166D1-MR",No,Indoor,Unified (On-Prem/Cloud),6E,4x4 (Tri-radio),12,2.4 / 5 / 6,Internal (directional),5G mGig,1,,at/bt,No,"CleanAir, Security radio",https://www.cisco.com/c/en/us/products/collateral/wireless/catalyst-9166-series-access-points/catalyst-9166-series-access-points-ds.html,Current,
Unified,Catalyst 9164I,"CW9164I, CW9164I-MR",Yes,Indoor,Unified (On-Prem/Cloud),6E,"4x4 (5/6 GHz), 2x2 (2.4 GHz)",10,2.4 / 5 / 6,Internal (omni),2.5G mGig,1,,at,No,"CleanAir, Security radio",https://www.cisco.com/c/en/us/products/collateral/wireless/catalyst-9164-series-access-points/catalyst-9164-series-access-points-ds.html,Current,
Unified,Catalyst 9162I,"CW9162I, CW9162I-MR",Yes,Indoor,Unified (On-Prem/Cloud),6E,2x2 (2.4 / 5 / 6 GHz),6,2.4 / 5 / 6,Internal (omni),2.5G mGig,1,,at (af reduced),No,"CleanAir, Security radio",https://www.cisco.com/c/en/us/products/collateral/wireless/catalyst-9100ax-access-points/cat-9162-series-access-points-ds.html,Current,
Unified,Catalyst 9163E,"CW9163E, CW9163E-MR",Yes,Outdoor,Unified (On-Prem/Cloud),6E,2x2 (2.4 / 5 / 6 GHz),6,2.4 / 5 / 6,External,2.5G mGig,1,,at/bt,Yes (base / outdoor IP-rated),"CleanAir, Security radio",https://www.cisco.com/c/en/us/products/collateral/wireless/catalyst-9163e-access-point/nb-06-cat-9163e-series-access-ds-cte-en.html,Current,
Catalyst,Catalyst 9136I,C9136I,Yes,Indoor,On-Prem (Catalyst),6E,"8x8 + 4x4 (5 GHz), 4x4 (2.4 / 6 GHz)",16,2.4 / 5 / 6,Internal (omni),5G mGig,2,,bt,No,"CleanAir, Security radio",https://www.cisco.com/c/en/us/products/collateral/wireless/catalyst-9100ax-access-points/nb-06-cat9136-access-point-ds-cte-en.html,Current,
Catalyst,Catalyst 9124AXI,C9124AXI,Yes,Outdoor,On-Prem (Catalyst),6,"4x4 (2.4 / 5 GHz), dual 5 GHz (XOR)",8,2.4 / 5,Internal (omni),2.5G mGig,2,mGig + SFP,at/bt,Yes (base / outdoor IP67),"RF ASIC, Security radio",https://www.cisco.com/c/en/us/products/collateral/wireless/catalyst-9100ax-access-points/nb-06-cat9124-ser-ap-ds-cte-en.html,Current,
Catalyst,Catalyst 9124AXD,C9124AXD,Yes,Outdoor,On-Prem (Catalyst),6,"4x4 (2.4 / 5 GHz), dual 5 GHz (XOR)",8,2.4 / 5,Internal (directional),2.5G mGig,2,mGig + SFP,at/bt,Yes (base / outdoor IP67),"RF ASIC, Security radio",https://www.cisco.com/c/en/us/products/collateral/wireless/catalyst-9100ax-access-points/nb-06-cat9124-ser-ap-ds-cte-en.html,Current,
Catalyst,Catalyst 9124AXE,C9124AXE,Yes,Outdoor,On-Prem (Catalyst),6,"4x4 (2.4 / 5 GHz), dual 5 GHz (XOR)",8,2.4 / 5,External,2.5G mGig,2,mGig + SFP,at/bt,Yes (base / outdoor IP67),"RF ASIC, Security radio",https://www.cisco.com/c/en/us/products/collateral/wireless/catalyst-9100ax-access-points/nb-06-cat9124-ser-ap-ds-cte-en.html,Current,
Catalyst,Catalyst 9130AXI,C9130AXI,Yes,Indoor,On-Prem (Catalyst),6,"8x8 + 4x4 (5 GHz), 4x4 (2.4 GHz)",12,2.4 / 5,Internal (omni),5G mGig,1,,at/bt,No,"RF ASIC, Security radio",https://www.cisco.com/c/en/us/products/collateral/wireless/catalyst-9100ax-access-points/nb-06-cat-9130-ser-ap-ds-cte-en.html,AEOS 31-Dec-2026,
Catalyst,Catalyst 9130AXE,C9130AXE,Yes,Indoor,On-Prem (Catalyst),6,"8x8 + 4x4 (5 GHz), 4x4 (2.4 GHz)",12,2.4 / 5,External,5G mGig,1,,at/bt,No,"RF ASIC, Security radio",https://www.cisco.com/c/en/us/products/collateral/wireless/catalyst-9100ax-access-points/nb-06-cat-9130-ser-ap-ds-cte-en.html,AEOS 31-Dec-2026,
Catalyst,Catalyst 9120AXI,C9120AXI,Yes,Indoor,On-Prem (Catalyst),6,4x4 (2.4 / 5 GHz),8,2.4 / 5,Internal (omni),2.5G mGig,1,,at,No,"RF ASIC, Security radio",https://www.cisco.com/c/en/us/products/collateral/wireless/catalyst-9120ax-series-access-points/datasheet-c78-742115.html,AEOS 31-Dec-2026,
Catalyst,Catalyst 9120AXE,C9120AXE,Yes,Indoor,On-Prem (Catalyst),6,4x4 (2.4 / 5 GHz),8,2.4 / 5,External,2.5G mGig,1,,at,No,"RF ASIC, Security radio",https://www.cisco.com/c/en/us/products/collateral/wireless/catalyst-9120ax-series-access-points/datasheet-c78-742115.html,AEOS 31-Dec-2026,
Catalyst,Catalyst 9120AXP,C9120AXP,Yes,Indoor,On-Prem (Catalyst),6,4x4 (2.4 / 5 GHz),8,2.4 / 5,External,2.5G mGig,1,,at,No,"RF ASIC, Security radio",https://www.cisco.com/c/en/us/products/collateral/wireless/catalyst-9120ax-series-access-points/datasheet-c78-742115.html,AEOS 31-Dec-2026,Professional AP's certified for use with antenna gains up to 13 dBi (2.4 GHz and 5 GHz) with the AIR-ANT2513P4M-N= antenna
Catalyst,Catalyst 9115AXI,C9115AXI,Yes,Indoor,On-Prem (Catalyst),6,4x4 (2.4 / 5 GHz),8,2.4 / 5,Internal (omni),2.5G mGig,1,,at,No,,https://www.cisco.com/c/en/us/products/collateral/wireless/catalyst-9100ax-access-points/datasheet-c78-741988.html,AEOS 31-Dec-2026,
Catalyst,Catalyst 9115AXE,C9115AXE,Yes,Indoor,On-Prem (Catalyst),6,4x4 (2.4 / 5 GHz),8,2.4 / 5,External,2.5G mGig,1,,at,No,,https://www.cisco.com/c/en/us/products/collateral/wireless/catalyst-9100ax-access-points/datasheet-c78-741988.html,AEOS 31-Dec-2026,
Catalyst,Catalyst 9105AXI,C9105AXI,Yes,Indoor,On-Prem (Catalyst),6,2x2 (2.4 / 5 GHz),4,2.4 / 5,Internal (omni),1G,1,,af/at,No,,https://www.cisco.com/c/en/us/products/collateral/wireless/catalyst-9100ax-access-points/datasheet-c78-744062.html,AEOS 31-Dec-2026,
Catalyst,Catalyst 9105AXW,C9105AXW,Yes,Indoor (wall-plate),On-Prem (Catalyst),6,2x2 (2.4 / 5 GHz),4,2.4 / 5,Internal (wall-plate),1G,3,"1 uplink, 3 LAN",af/at,No,,https://www.cisco.com/c/en/us/products/collateral/wireless/catalyst-9100ax-access-points/datasheet-c78-744062.html,AEOS 31-Dec-2026,
Meraki,Meraki MR57,MR57,No,Indoor,Cloud (Meraki),6E,4x4 (2.4 / 5 / 6 GHz),12,2.4 / 5 / 6,Internal (omni),5G mGig,2,,bt,No,"Security radio, Air Marshal",https://documentation.meraki.com/Wireless/Product_Information/Overviews_and_Datasheets/MR57_Datasheet,Current,
Meraki,Meraki MR28,MR28,No,Indoor,Cloud (Meraki),6,2x2 (2.4 / 5 GHz),4,2.4 / 5,Internal (omni),1G,1,,at,No,Air Marshal,https://documentation.meraki.com/Wireless/Product_Information/Overviews_and_Datasheets/MR28_Datasheet,Current,
Meraki,Meraki MR36,MR36,No,Indoor,Cloud (Meraki),6,2x2 (2.4 / 5 GHz),4,2.4 / 5,Internal (omni),1G,1,,at,No,"Security radio, Air Marshal",https://documentation.meraki.com/Wireless/Product_Information/Overviews_and_Datasheets/MR36_Datasheet,AEOS 31-Dec-2026,
Meraki,Meraki MR36H,MR36H,No,Indoor (wall-plate),Cloud (Meraki),6,2x2 (2.4 / 5 GHz),4,2.4 / 5,Internal (wall-plate),1G,4,"1 uplink, 3 LAN ports 1Gbps, 1 passthrough port",at,No,"Security radio, Air Marshal",https://documentation.meraki.com/Wireless/Product_Information/Overviews_and_Datasheets/MR36H_Datasheet,AEOS 31-Dec-2026,
Meraki,Meraki MR44,MR44,No,Indoor,Cloud (Meraki),6,2x2 (2.4 GHz) + 4x4 (5 GHz),6,2.4 / 5,Internal (omni),2.5G mGig,1,,at,No,"Security radio, Air Marshal",https://documentation.meraki.com/Wireless/Product_Information/Overviews_and_Datasheets/MR44_Datasheet,AEOS 31-Dec-2026,
Meraki,Meraki MR46,MR46,No,Indoor,Cloud (Meraki),6,4x4 (2.4 / 5 GHz),8,2.4 / 5,Internal (omni),2.5G mGig,1,,at,No,"Security radio, Air Marshal",https://documentation.meraki.com/Wireless/Product_Information/Overviews_and_Datasheets/MR46_Datasheet,AEOS 31-Dec-2026,
Meraki,Meraki MR46E,MR46E,No,Indoor,Cloud (Meraki),6,4x4 (2.4 / 5 GHz),8,2.4 / 5,External,2.5G mGig,1,,at,No,"Security radio, Air Marshal",https://documentation.meraki.com/Wireless/Product_Information/Overviews_and_Datasheets/MR46E_Datasheet,AEOS 31-Dec-2026,
Meraki,Meraki MR76,MR76,No,Outdoor,Cloud (Meraki),6,2x2 (2.4 / 5 GHz),4,2.4 / 5,External,1G,1,,at,Yes (base / outdoor IP67),"Security radio, Air Marshal",https://documentation.meraki.com/Wireless/Product_Information/Overviews_and_Datasheets/MR76_Datasheet,Current,
Meraki,Meraki MR78,MR78,No,Outdoor,Cloud (Meraki),6,2x2 (2.4 / 5 GHz),4,2.4 / 5,Internal,1G,1,,at,Yes (base / outdoor IP67),Air Marshal,https://documentation.meraki.com/Wireless/Product_Information/Overviews_and_Datasheets/MR78_Datasheet,Current,
Meraki,Meraki MR86,MR86,No,Outdoor,Cloud (Meraki),6,4x4 (2.4 / 5 GHz),8,2.4 / 5,External,2.5G mGig,1,,at/bt,Yes (base / outdoor IP67),"Security radio, Air Marshal",https://documentation.meraki.com/Wireless/Product_Information/Overviews_and_Datasheets/MR86_Datasheet,Current,
Catalyst IW,Catalyst IW9167E (Heavy Duty),"IW9167EH-E-AP, IW9167EH-E-URWB, IW9167EH-E-WGB",Yes,Outdoor,On-Prem (Catalyst),6E,Tri-radio 4x4,12,2.4 / 5 / 6,External,10G mGig,2,10mGig SFP (copper/fiber) + 5mGig RJ45,bt,Yes (base / IP67 heavy duty),"GNSS/GPS, URWB, HeavyDuty",https://www.cisco.com/c/en/us/products/collateral/wireless/catalyst-iw9167-series/cat-iw9167e-heavy-duty-ap-ds.html,,"Supports M12 X-code autosensing PoE+ in (802.3af/at), UPOE in"
Catalyst IW,Catalyst IW9167I (Heavy Duty),IW9167IH-E-AP,Yes,Outdoor,On-Prem (Catalyst),6E,Tri-radio 4x4,12,2.4 / 5 / 6,Internal (omni),10G mGig,2,10mGig SFP (copper/fiber) + 5mGig RJ45,bt,Yes (base / IP67 heavy duty),"GNSS/GPS, URWB, HeavyDuty",https://www.cisco.com/c/en/us/products/collateral/wireless/catalyst-iw9167-series/cat-iw9167e-heavy-duty-ap-ds.html,,"Supports M12 X-code autosensing PoE+ in (802.3af/at), UPOE in"
Catalyst IW,Catalyst IW9167E-HZ (HAZLOC),IW9167EH-E-HZ,Yes,Outdoor,On-Prem (Catalyst),6E,Tri-radio 4x4,12,2.4 / 5 / 6,External,10G mGig,2,10mGig SFP copper + 5mGig RJ45,bt,Yes (IP67 + HAZLOC Class I Div 2; UL/ATEX/IECEx),"GNSS/GPS, URWB, HeavyDuty",https://www.cisco.com/c/en/us/products/collateral/wireless/catalyst-iw9167-series/cat-iw9167e-heavy-duty-ap-ds.html,,"Supports M12 X-code autosensing PoE+ in (802.3af/at), UPOE in"
Catalyst IW,Catalyst IW9165E (Rugged),"IW9165E-E-AP, IW9165E-E-WGB, IW9165E-E-URWB",Yes,Outdoor,On-Prem (Catalyst),6E,Dual 2x2,4,5-Ghz / 6-Ghz,External,2.5G,2,"1 2.5G, 1 RJ45, 2 GPIO ports",at,Yes (base / IP30 rugged),"GNSS/GPS, URWB, HeavyDuty",https://www.cisco.com/c/en/us/products/collateral/networking/industrial-wireless/catalyst-iw9165-series-ds.html,,"Supports M12 X-code autosensing PoE+ in (802.3af/at), UPOE in"
Catalyst IW,Catalyst IW9165D (Heavy Duty),"IW9165DH-E-AP, IW9165DH-E-URWB",Yes,Outdoor,On-Prem (Catalyst),6E,Dual 2x2,4,5-Ghz / 6-Ghz,"Internal (directional), external",1G,1,1 RJ45,at/bt,Yes (base / IP67 heavy duty),"GNSS/GPS, URWB, HeavyDuty",https://www.cisco.com/c/en/us/products/collateral/networking/industrial-wireless/catalyst-iw9165-series-ds.html,,"Supports M12 X-code autosensing PoE+ in (802.3af/at), UPOE in"
Cisco Business,Cisco Business 150AX,CBW150AX-E-EU,Yes,Indoor,"Embedded (CBW, controllerless)",6,2x2 (2.4 GHz) + 2x2 (5 GHz),4,2.4 / 5,Internal (omni),1G,1,1x GbE RJ45 (PoE in),af/at,No,"Mesh (Primary AP), Bluetooth 5 (BLE), Umbrella (optional)",https://www.cisco.com/c/en/us/products/collateral/wireless/business-100-series-access-points/business-access-point-ds.html,Current,Managed via WebUI / Cisco Business Mobile app / Business Dashboard 2.4.1+ - no controller or license; passive PoE injector included in box for -E-EU SKU; not compatible with CBW14x/240 on same network; 9.2W max draw
Cisco Business,Cisco Business 151AXM (Extender),CBW151AXM-E-EU,Yes,Indoor,Embedded (CBW mesh extender),6,2x2 (2.4 GHz) + 2x2 (5 GHz),4,2.4 / 5,Internal (omni),Wireless mesh only,0,No Ethernet port; AC wall-plug design,N/A (AC powered 100-240V),No,"Mesh extender, Bluetooth 5 (BLE)",https://www.cisco.com/c/en/us/products/collateral/wireless/business-100-series-mesh-extenders/busines-mesh-extender-ds.html,Current,"Requires CBW150AX as Primary AP; max 25 extenders per AP, 8 hops; plugs directly into AC outlet; Kensington lock slot; 8.3W draw"
