Supertype,Device Type,Model,Deployment Category,Unified architecture,Family,Antenna,SD-WAN,WAN ports detail,WAN ports amount,WAN port max,LAN ports detail,LAN ports amount,LAN port max,Client Recommendation,Recommended Max VPN Tunnels,Throughput,Advanced Security Throughput,PIM Modules,PIM types,SM Modules,SM types,NIM Modules,NIM types,Cellular,Features,Ordering information,Description,Notes,List Order,Datasheet
ASR900,Chassis,ASR-902,Aggregation,No,ASR,No,No,Modular,Modular,10 Gbps,Modular,Modular,100 Gbps,,,,,0,,0,,4,"A900-IMA2F, A900-IMA8Z, A900-IMA6EM, A900-IMA4C3794, A900-IMA8D, A900-IMA1X, A900-IMA8S, A900-IMA8T, A900-IMA8S1Z,  A900-IMA8T1Z, A900-IMA2Z, N560-IMA-8Q/4L",,"Carrier Ethernet, MPLS, Redundant PSU, Has fans",ASR-902,2RU aggregation router,Approaching EOS March 2027,6,cisco.com/c/en/us/products/collateral/routers/asr-903-series-aggregation-services-routers/data_sheet_c78-685686.html
ASR900,Chassis,ASR-903,Aggregation,No,ASR,No,No,Modular,Modular,10 Gbps,Modular,Modular,100 Gbps,,,,,0,,0,,6,"A900-IMA2F, A900-IMA8Z, A900-IMA6EM, A900-IMA4C3794, A900-IMA8D, A900-IMA1X, A900-IMA8S, A900-IMA8T, A900-IMA8S1Z,  A900-IMA8T1Z, A900-IMA2Z, N560-IMA-8Q/4L",,"Carrier Ethernet, MPLS, Redundant PSU, Has fans",ASR-903,3RU aggregation router with 2 RSP slots,Approaching EOS March 2027,6,cisco.com/c/en/us/products/collateral/routers/asr-903-series-aggregation-services-routers/data_sheet_c78-685686.html
ASR900,Chassis,ASR-907,Aggregation,No,ASR,No,No,Modular,Modular,10 Gbps,Modular,Modular,100 Gbps,,,,,0,,0,,16,"A900-IMA2F, A900-IMA8Z, A900-IMA6EM, A900-IMA4C3794, A900-IMA8D, A900-IMA1X, A900-IMA8S, A900-IMA8T, A900-IMA8S1Z,  A900-IMA8T1Z, A900-IMA2Z, N560-IMA-8Q/4L",,"Carrier Ethernet, MPLS, Redundant PSU, Has fans",ASR-907,16-slot aggregation router,Approaching EOS March 2027,6,cisco.com/c/en/us/products/collateral/routers/asr-903-series-aggregation-services-routers/data_sheet_c78-685686.html
ASR900,Chassis,ASR-914,Aggregation,No,ASR,No,No,Modular,Modular,10 Gbps,Modular,Modular,200 Gbps,,,,,0,,0,,14,"A900-IMA2F, A900-IMA8Z, A900-IMA6EM, A900-IMA4C3794, A900-IMA8D, A900-IMA1X, A900-IMA8S, A900-IMA8T, A900-IMA8S1Z,  A900-IMA8T1Z, A900-IMA2Z, N560-IMA-8Q/4L",,"Carrier Ethernet, MPLS, Redundant PSU, Has fans",ASR-914,High-end aggregation router,Approaching EOS March 2027,6,cisco.com/c/en/us/products/collateral/routers/asr-903-series-aggregation-services-routers/data_sheet_c78-685686.html
ASR920,Rack,ASR-920-12CZ,Medium branch,No,ASR,No,No,"12x Combo copper/SFP+, 2x 10GE",12,10 Gbps,"12x Combo copper/SFP+, 2x 10GE",12,10 Gbps,,,,,0,,0,,,,,"Carrier Ethernet, MPLS, Redundant PSU, Has fans","ASR-920-12CZ-A, ASR-920-12CZ-D",Aggregation Services Router with Low-Port-Density,,6,https://www.cisco.com/c/en/us/products/collateral/routers/asr-920-series-aggregation-services-router/datasheet-c78-733397.html
ASR920,Rack,ASR-920-12SZ,Medium branch,No,ASR,No,No,12x SFP+,12,10 Gbps,,,,,,,,0,,0,,,,,,ASR-920-12SZ,Aggregation Services Router with Low-Port-Density,,6,https://www.cisco.com/c/en/us/products/collateral/routers/asr-920-series-aggregation-services-router/datasheet-c78-733397.html
ASR920,Rack,ASR-920-12SZ-IM,Medium branch,No,ASR,No,No,12x SFP+,12,10 Gbps,,,,,,,,0,,0,,1,ASR 900 IM,,"Redundant PSU, Has fans, GNSS, PoE",ASR-920-12SZ-IM,Aggregation Services Router with High-Port-Density,,6,https://www.cisco.com/c/en/us/products/collateral/routers/asr-920-series-aggregation-services-router/datasheet-c78-733397.html
ASR920,Rack,ASR-920-24SZ-IM,Medium branch,No,ASR,No,No,24x SFP+,24,10 Gbps,,,,,,,,0,,0,,1,ASR 900 IM,,,ASR-920-24SZ-IM,Aggregation Services Router with High-Port-Density,,6,https://www.cisco.com/c/en/us/products/collateral/routers/asr-920-series-aggregation-services-router/datasheet-c78-733397.html
ASR920,Rack,ASR-920-24SZ-M,Medium branch,No,ASR,No,No,24x SFP+,24,10 Gbps,,,,,,,,0,,0,,,,,,ASR-920-24SZ-M,Aggregation Services Router with High-Port-Density,,6,https://www.cisco.com/c/en/us/products/collateral/routers/asr-920-series-aggregation-services-router/datasheet-c78-733397.html
ASR920,Rack,ASR-920-24TZ-M,Medium branch,No,ASR,No,No,24x Copper and SFP+,24,10 Gbps,,,,,,,,0,,0,,,,,,ASR-920-24TZ-M,Aggregation Services Router with High-Port-Density,,6,https://www.cisco.com/c/en/us/products/collateral/routers/asr-920-series-aggregation-services-router/datasheet-c78-733397.html
ASR920,Rack,ASR-920-4SZ,Medium branch,No,ASR,No,No,4x Combo copper/SFP+,4,10 Gbps,,,,,,,,0,,0,,,,,,ASR-920-4SZ,Aggregation Services Router with Low-Port-Density,,6,https://www.cisco.com/c/en/us/products/collateral/routers/asr-920-series-aggregation-services-router/datasheet-c78-733397.html
C8200,Rack,C8200-1N-4T,Small branch,No,Catalyst,No,Yes,"2x 1GbE SFP, 2x 1GbE RJ45",4,1 Gbps,Modular expansion via NIM slots,0,2.5 Gbps,,2500,1 Gbps,850 Mbps,1,P-LTEA-EA,0,,1,"C-NIM-8M, C-NIM-4X, C-NIM-8T, C-NIM-2T, C-NIM-1M, C-NIM-1X, NIM-ES2-4, NIM-ES2-8",,"Cryptography, voice capable, IPS, URL filtering, Secure Internet Gateway, Memory 32GB",C8200-1N-4T,Small branch SD-WAN router with multi-layer security,Memory defaults to 8GB upgradeable to 32GB,1,cisco.com/c/en/us/products/collateral/routers/catalyst-8200-series-edge-platforms/nb-06-cat8200-series-edge-plat-ds-cte-en.html
C8200,Rack,C8200L-1N-4T,Small branch,No,Catalyst,No,Yes,"2x 1GbE SFP, 2x 1GbE RJ45",4,1 Gbps,Modular expansion via NIM slots,0,2.5 Gbps,,1500,500 Mbps,300 Mbps,1,P-LTEA-EA,0,,1,"C-NIM-8M, C-NIM-4X, C-NIM-8T, C-NIM-2T, C-NIM-1M, C-NIM-1X, NIM-ES2-4, NIM-ES2-8",,"Cryptography, voice capable, Memory 32GB",C8200L-1N-4T,Cost-optimized small branch SD-WAN router for SASE,Default 4GB DRAM,1,cisco.com/c/en/us/products/collateral/routers/catalyst-8200-series-edge-platforms/nb-06-cat8200-series-edge-plat-ds-cte-en.html
C8300,Rack chassis,C8300-2N2S-4T2X,Medium branch,No,Catalyst,No,Yes,"2x 10GbE SFP+, 4x 1GbE RJ45",6,10 Gbps,Modular expansion via SM/NIM slots,0,10 Gbps,,6000,18.8 Gbps,5.6 Gbps,1,P-LTEA-EA,2,"C-SM-16P4M2X, C-SM-40P8M2X, UCS-E Series",2,"C-NIM-8M, C-NIM-4X, C-NIM-8T, C-NIM-2T, C-NIM-1M, C-NIM-1X, NIM-ES2-4, NIM-ES2-8",,"Redundant PSU, Has fans, multigigabit capable, Cryptography, voice capable, IPS, URL filtering, Secure Internet Gateway, Memory 32GB",C8300-2N2S-4T2X,High-performance branch router with deep modularity,,1,cisco.com/c/en/us/products/collateral/routers/catalyst-8300-series-edge-platforms/datasheet-c78-744088.html
C8300,Rack chassis,C8300-2N2S-6T,Medium branch,No,Catalyst,No,Yes,6x 1GbE RJ45/SFP,6,1 Gbps,Modular expansion via SM/NIM slots,0,10 Gbps,,6000,2.0 Gbps,1.7 Gbps,1,P-LTEA-EA,2,"C-SM-16P4M2X, C-SM-40P8M2X, UCS-E Series",2,"C-NIM-8M, C-NIM-4X, C-NIM-8T, C-NIM-2T, C-NIM-1M, C-NIM-1X, NIM-ES2-4, NIM-ES2-8",,"Redundant PSU, Has fans, multigigabit capable, Cryptography, voice capable, IPS, URL filtering, Secure Internet Gateway, Memory 32GB",C8300-2N2S-6T,2RU branch router optimized for 1G WAN interfaces,Can support up to 48 PoE ports with SM modules,1,cisco.com/c/en/us/products/collateral/routers/catalyst-8300-series-edge-platforms/datasheet-c78-744088.html
C8300,Rack chassis,C8300-1N1S-4T2X,Medium branch,No,Catalyst,No,Yes,"2x 10GbE SFP+,  4x 1GbE RJ45",6,10 Gbps,Modular expansion via SM/NIM slots,0,10 Gbps,,6000,17.0 Gbps,5.5 Gbps,1,P-LTEA-EA,1,"C-SM-16P4M2X, C-SM-40P8M2X, UCS-E Series",1,"C-NIM-8M, C-NIM-4X, C-NIM-8T, C-NIM-2T, C-NIM-1M, C-NIM-1X, NIM-ES2-4, NIM-ES2-8",,"Redundant PSU, Has fans, multigigabit capable, Cryptography, voice capable, IPS, URL filtering, Secure Internet Gateway, Memory 32GB",C8300-1N1S-4T2X,Compact 1RU high-performance branch router with 10G WAN,,1,cisco.com/c/en/us/products/collateral/routers/catalyst-8300-series-edge-platforms/datasheet-c78-744088.html
C8300,Rack chassis,C8300-1N1S-6T,Medium branch,No,Catalyst,No,Yes,6x 1GbE RJ45/SFP,6,1 Gbps,Modular expansion via SM/NIM slots,0,10 Gbps,,6000,2.0 Gbps,1.7 Gbps,1,P-LTEA-EA,1,"C-SM-16P4M2X, C-SM-40P8M2X, UCS-E Series",1,"C-NIM-8M, C-NIM-4X, C-NIM-8T, C-NIM-2T, C-NIM-1M, C-NIM-1X, NIM-ES2-4, NIM-ES2-8",,"Redundant PSU, Has fans, multigigabit capable, Cryptography, voice capable, IPS, URL filtering, Secure Internet Gateway, Memory 32GB",C8300-1N1S-6T,Compact 1RU high-performance branch router with 1G WAN,,1,cisco.com/c/en/us/products/collateral/routers/catalyst-8300-series-edge-platforms/datasheet-c78-744088.html
C8500,Rack chassis,C8500-12X,Aggregation,No,Catalyst,No,Yes,12x 10GbE SFP+,12,10 Gbps,Can be configured via ports,0,10 Gbps,,10000,51 Gbps,22.6 Gbps,0,,0,,0,,,"Redundant PSU, Has fans, Cryptography, IPS, URL filtering, Secure Internet Gateway, Memory 64GB",C8500-12X,Aggregation edge router powered by QFP 3.0 ASIC,Default 16GB memory,1,cisco.com/c/en/us/products/collateral/routers/catalyst-8500-series-edge-platforms/datasheet-c78-744089.html
C8500,Rack chassis,C8500-12X4QC,Aggregation,No,Catalyst,No,Yes,"12x 10GbE SFP+, 2x 40GbE QSFP , 2x 100GbE QSFP28",16,100 Gbps,Can be configured via ports,0,100 Gbps,,10000,96 Gbps,31.9 Gbps,0,,0,,0,,,"Redundant PSU, Has fans, Cryptography, IPS, URL filtering, Secure Internet Gateway, Memory 64GB",C8500-12X4QC,High-density 100G aggregation router,QSFP ports support 4x10G breakout configurations,1,cisco.com/c/en/us/products/collateral/routers/catalyst-8500-series-edge-platforms/datasheet-c78-744089.html
C8500,Rack chassis,C8500-20X6C,Aggregation,No,Catalyst,No,Yes,"20x 10GbE SFP+ , 6x 100GbE QSFP28",26,100 Gbps,Can be configured via ports,0,100 Gbps,,10000,350 Gbps,100 Gbps,0,,0,,0,,,"Redundant PSU, Has fans, Cryptography, IPS, URL filtering, Secure Internet Gateway, Memory 64GB",C8500-20X6C,Massive scale 3RU aggregation edge router,,1,cisco.com/c/en/us/products/collateral/routers/catalyst-8500-series-edge-platforms/datasheet-c78-744089.html
C8500L,Rack chassis,C8500L-8S4X,Aggregation,No,Catalyst,No,Yes,"8x 1GbE SFP , 4x 10GbE SFP+",12,10 Gbps,Can be configured via ports,0,10 Gbps,,8000,19 Gbps,5.9 Gbps,0,,0,,0,,,"Redundant PSU, Has fans, Cryptography, IPS, URL filtering, Secure Internet Gateway, Memory 64GB",C8500L-8S4X,x86-based aggregation router,,1,cisco.com/c/en/us/products/collateral/routers/catalyst-8500-series-edge-platforms/datasheet-c78-744089.html
8000V,Virtual,C8000V,Virtual deployment,No,Catalyst,No,Yes,Virtualized,,,,,,Compute Bound,Compute Bound,Compute Bound,Compute Bound,0,,0,,0,,,"Cryptography, IPS, URL filtering, Secure Internet Gateway, Memory 16GB",L-DNA-C8500,"Virtual router for AWS Azure GCP , ESXi",Performance scales from 2 to 16 vCPUs,2,cisco.com/c/en/us/products/collateral/routers/catalyst-8000v-edge-software/catalyst-8000v-edge-software-ds.html
C8100-G2,"Rack, Desktop",C8130-G2,Small branch,No,Catalyst,No,No,"1x 1GbE RJ45, 1x 1GE RJ-45/SFP Combo",2,1 Gbps,"2x 1GbE RJ45 Flex , 2x 1GbE RJ45",4,1 Gbps,,250,1.9 Gbps,1.5 Gbps,0,,0,,0,,,"secure routers, Cryptography",C8130-G2,Fanless compact secure router,Base routing security features,2,cisco.com/site/us/en/products/collateral/networking/sdwan-routers/8000-secure-routers/8100-series-secure-routers-ds.html
C8100-G2,"Rack, Desktop",C8130-VAI-G2,Small branch,No,Catalyst,No,No,"1x 1GE RJ-45/SFP combo,1 x RJ-11 (DSL), 1 x XGSPON/10G BASE-T",1,1 Gbps,"2x 1GbE RJ45 Flex , 2x 1GbE RJ45",4,1 Gbps,,250,1.9 Gbps,1.5 Gbps,0,,0,,0,,,"secure routers, Cryptography",C8130-G2,Fanless compact secure router wth Embedded DSL,VAI -> VDSL/ADSL over ISDN (Annex B/J)​,2,cisco.com/site/us/en/products/collateral/networking/sdwan-routers/8000-secure-routers/8100-series-secure-routers-ds.html
C8100-G2,"Rack, Desktop",C8130-VAP-G2,Small branch,No,Catalyst,No,No,"1x 1GE RJ-45/SFP combo,1 x RJ-11 (DSL), 1 x XGSPON/10G BASE-T",1,1 Gbps,"2x 1GbE RJ45 Flex , 2x 1GbE RJ45",4,1 Gbps,,250,1.9 Gbps,1.5 Gbps,0,,0,,0,,,"secure routers, Cryptography",C8130-G2,Fanless compact secure router wth Embedded DSL,VAP –> VDSL/ASDL over POTS (Annex A),2,cisco.com/site/us/en/products/collateral/networking/sdwan-routers/8000-secure-routers/8100-series-secure-routers-ds.html
C8100-G2,"Rack, Desktop",C8131-G2,Small branch,No,Catalyst,No,Yes,1x 1GbE RJ45/SFP Combo,1,1 Gbps,"2x 1GbE RJ45 Flex , 2x 1GbE RJ45",4,1 Gbps,,250,1.9 Gbps,1.0 Gbps,0,,0,,0,,,"secure routers, Cryptography",C8131-G2,Fanless compact secure router with fiber option,"Combines SFP , RJ45 options",2,cisco.com/site/us/en/products/collateral/networking/sdwan-routers/8000-secure-routers/8100-series-secure-routers-ds.html
C8100-G2,"Rack, Desktop",C8140-G2,Small branch,No,Catalyst,No,No,2x 1GbE RJ45/SFP Combo,2,1 Gbps,"2x 1GbE RJ45 Flex , 6x 1GbE RJ45",8,1 Gbps,,250,5.6 Gbps,1.5 Gbps,0,,0,,0,,,"secure routers, Cryptography",C8140-G2,High port density secure router,Offers 10 total 1GbE ports,2,cisco.com/site/us/en/products/collateral/networking/sdwan-routers/8000-secure-routers/8100-series-secure-routers-ds.html
C8100-G2,"Rack, Desktop",C8151-G2,Small branch,No,Catalyst,Yes,Yes,2x 1GbE RJ45/SFP Combo,2,1 Gbps,"2x 1GbE RJ45 Flex , 6x 1GbE RJ45",8,1 Gbps,,250,5.6 Gbps,1.0 Gbps,1,"P-LTEA7-EAL, P-LTEA7-JP",0,,0,,Optional Pluggable Module – LTE or 5G,"secure routers, LTE, Cryptography",C8151-G2,Secure router with optional cellular backup,Optional PIM slot for CAT7 LTE or 5G,2,cisco.com/site/us/en/products/collateral/networking/sdwan-routers/8000-secure-routers/8100-series-secure-routers-ds.html
C8100-G2,"Rack, Desktop",C8151-CVAI-G2,Small branch,No,Catalyst,Yes,Yes,"1x 1GE RJ-45/SFP combo,1 x RJ-11 (DSL), 1 x XGSPON/10G BASE-T",1,1 Gbps,"2x 1GbE RJ45 Flex , 6x 1GbE RJ45",8,1 Gbps,,250,5.6 Gbps,1.0 Gbps,1,"P-LTEA7-EAL, P-LTEA7-JP",0,,0,,Embedded 5G 3GPP Release 17 module with dual nano SIM slots,"secure routers, LTE, Cryptography",C8151-CVAI-G2/2,Secure router with optional cellular backup with Embedded DSL,VAI -> VDSL/ADSL over ISDN (Annex B/J)​,2,cisco.com/site/us/en/products/collateral/networking/sdwan-routers/8000-secure-routers/8100-series-secure-routers-ds.html
C8100-G2,"Rack, Desktop",C8151-CVAP-G2,Small branch,No,Catalyst,Yes,Yes,"1x 1GE RJ-45/SFP combo,1 x RJ-11 (DSL), 1 x XGSPON/10G BASE-T",1,1 Gbps,"2x 1GbE RJ45 Flex , 6x 1GbE RJ45",8,1 Gbps,,250,5.6 Gbps,1.0 Gbps,1,"P-LTEA7-EAL, P-LTEA7-JP",0,,0,,Embedded 5G 3GPP Release 17 module with dual nano SIM slots,"secure routers, LTE, Cryptography",C8151-CVAP-G2,Secure router with optional cellular backup with Embedded DSL,VAP –> VDSL/ASDL over POTS (Annex A),2,cisco.com/site/us/en/products/collateral/networking/sdwan-routers/8000-secure-routers/8100-series-secure-routers-ds.html
C8100-G2,"Rack, Desktop",C8161-G2,Small branch,No,Catalyst,Yes,Yes,2x 1GbE RJ45/SFP Combo,2,1 Gbps,"2x 1GbE RJ45 Flex , 6x 1GbE RJ45",8,1 Gbps,,250,5.6 Gbps,1.0 Gbps,1,"P-LTEA7-EAL, P-LTEA7-JP",0,,0,,Optional Pluggable Module – LTE or 5G,"secure routers, LTE, PoE, Cryptography",C8161-G2,"Secure router with PoE , optional cellular","PoE: 4 PoE or 2 PoE+ ports, max power 80W",2,cisco.com/site/us/en/products/collateral/networking/sdwan-routers/8000-secure-routers/8100-series-secure-routers-ds.html
C8100-G2,Rack,C8111-G2-MX,Small branch,No,Meraki,No,Yes,2x 2.5GbE mGig RJ45,2,2.5 Gbps,4x 1GbE RJ45,4,1 Gbps,200,,2 Gbps,1.0 Gbps,0,,0,,0,,Yes,"secure routers, PoE, multigigabit capable, Cryptography",C8111-G2-MX,Unified architecture small branch secure router,Managed via Meraki dashboard,2,cisco.com/site/us/en/products/collateral/networking/sdwan-routers/8000-secure-routers/8100-series-secure-routers-ds.html
C8100-G2,Rack,C8121-G2-MX,,,,,,,,,,,,,,,,,,,,,,,,,,,,https://documentation.meraki.com/SASE_and_SD-WAN/MX/Product_Information/Overviews_and_Datasheets/C8111-G2-MX_and_C8121-G2-MX_Data_Sheet
C8100-G2,Rack,C8121-CW-G2-MX,Small branch,No,Meraki,No,Yes,2x 2.5GbE mGig RJ45,2,2.5 Gbps,10x 1GbE RJ45,10,1 Gbps,200,,2 Gbps,1.0 Gbps,0,,0,,0,,Yes,"secure routers, PoE, multigigabit capable, Cryptography",C8121-CW-G2-MX,Unified architecture secure router with high port density,Managed via Meraki dashboard,2,cisco.com/site/us/en/products/collateral/networking/sdwan-routers/8000-secure-routers/8100-series-secure-routers-ds.html
C8200-G2,Rack,C8231-G2,Medium branch,No,Catalyst,No,Yes,2x 10GbE SFP+,2,10 Gbps,"4x 2.5GbE mGig RJ45 , 4x 1GbE RJ45",8,2.5 Gbps,,700,19 Gbps,4 Gbps,0,,0,,0,,,"secure routers, PoE, multigigabit capable, Cryptography, Memory 8GB",C8231-G2,Medium branch secure router,,2,cisco.com/site/us/en/products/collateral/networking/sdwan-routers/8000-secure-routers/8200-series-secure-routers-ds.html
C8200-G2,Desktop,C8231-E-G2,Medium branch,No,Catalyst,No,Yes,2x 10GbE SFP+,2,10 Gbps,"4x 2.5GbE mGig RJ45 , 4x 1GbE RJ45",8,2.5 Gbps,,700,19 Gbps,4 Gbps,1,,0,,1,"C-NIM-WAN-2X, C-NIM-WAN-4S, C-NIM-4X, C-NIM-8T, C-NIM-8M, NIM-1T, NIM-2T, NIM-4T, NIM-16A, NIM-24A",Optional Pluggable Module – LTE or 5G,"secure routers, PoE, multigigabit capable, Cryptography, Memory 8GB",C8231-E-G2,Medium branch secure router,"Storage	16 GB, Upgradeable to 600 GB",2,cisco.com/site/us/en/products/collateral/networking/sdwan-routers/8000-secure-routers/8200-series-secure-routers-ds.html
C8200-G2,Rack,C8235-G2,Medium branch,No,Catalyst,No,Yes,2x 10GbE SFP+,2,10 Gbps,8x 2.5GbE mGig RJ45,8,2.5 Gbps,,700,19 Gbps,4 Gbps,1,,0,,0,,Optional Pluggable Module – LTE or 5G,"secure routers, PoE, multigigabit capable, Cryptography, Memory 16GB",C8235-G2,High performance medium branch secure router,High-speed 10G interfaces,2,cisco.com/site/us/en/products/collateral/networking/sdwan-routers/8000-secure-routers/8200-series-secure-routers-ds.html
C8200-G2,Desktop,C8235-E-G2,Medium branch,No,Catalyst,No,Yes,2x 10GbE SFP+,2,10 Gbps,8x 2.5GbE mGig RJ45,8,2.5 Gbps,,700,19 Gbps,4 Gbps,1,,0,,1,"C-NIM-WAN-2X, C-NIM-WAN-4S, C-NIM-4X, C-NIM-8T, C-NIM-8M, NIM-1T, NIM-2T, NIM-4T, NIM-16A, NIM-24A",Optional Pluggable Module – LTE or 5G,"secure routers, PoE, multigigabit capable, Cryptography, Memory 16GB",C8235-E-G2,Rackmount medium branch secure router,"Storage	16 GB, Upgradeable to 600 GB",2,cisco.com/site/us/en/products/collateral/networking/sdwan-routers/8000-secure-routers/8200-series-secure-routers-ds.html
C8300-G2,Rack,C8355-G2,Large branch,No,Catalyst,No,Yes,"2x 10GbE SFP+, 2 x 5G mGig RJ45 (2x UPoE+)",4,10 Gbps,"2 x 5G mGig RJ45 (2x UPoE+), 2 x 1G RJ45",4,5 Gbps,,3500,38 Gbps,8.7 Gbps,1,"P-LTEA-EAL, P-5GS6-R16SA-GL",2,"C-SM-16P4M2X, C-SM-40P8M2X",2,"C-NIM-8M, C-NIM-4X, C-NIM-8T, C-NIM-2T, C-NIM-1X",Optional Pluggable Module,"secure routers, PoE, Redundant PSU, Cryptography",C8355-G2,Large branch modular secure router,"Advanced routing , VPN services",2,cisco.com/site/us/en/products/collateral/networking/sdwan-routers/8000-secure-routers/8300-series-secure-routers-ds.html
C8300-G2,Rack,C8375-E-G2,Large branch,No,Catalyst,No,Yes,2x 10GbE SFP+,2,10 Gbps,Modular expansion via SM/NIM slots,0,10 Gbps,,3500,38 Gbps,12 Gbps,1,P-LTEA-EAL,2,"C-SM-16P4M2X, C-SM-40P8M2X",2,"C-NIM-8M, C-NIM-4X, C-NIM-8T, C-NIM-2T, C-NIM-1X",,"secure routers, PoE, Redundant PSU, Cryptography",C8375-E-G2,High performance large branch secure router,"Dual power supplies st,ard",2,cisco.com/site/us/en/products/collateral/networking/sdwan-routers/8000-secure-routers/8300-series-secure-routers-ds.html
C8400-G2,Rack,C8455-G2,Campus,Yes,Catalyst,No,Yes,2x 25GbE SFP28,2,25 Gbps,"2x 10GbE SFP+ , 8x 1GbE SFP",10,10 Gbps,,3500,67 Gbps,15.5 Gbps,0,,0,,0,,,"secure routers, Redundant PSU, Has fans, Cryptography",C8455-G2,High performance campus secure router,Hardware acceleration for AI/ML workloads,2,cisco.com/site/us/en/products/collateral/networking/sdwan-routers/8000-secure-routers/8400-series-secure-routers-ds.html
C8400-G2,Rack,C8455-G2-MX,Campus,Yes,Meraki,No,Yes,2x 25GbE SFP28,2,25 Gbps,4 x 10G SFP+,4,10 Gbps,2000,2000,20 Gbps,8 Gbps,0,,0,,0,,,"secure routers, Redundant PSU, Has fans, Cryptography",C8455-G2-MX,Unified architecture campus secure router,Managed via Meraki dashboard,2,https://documentation.meraki.com/SASE_and_SD-WAN/MX/Product_Information/Overviews_and_Datasheets/C8455-G2-MX_Data_Sheet
C8400-G2,Rack,C8475-G2,Campus,No,Catalyst,No,Yes,2x 25GbE SFP28,2,25 Gbps,"2x 10GbE SFP+ , 8x 1GbE SFP",10,10 Gbps,,10000,91 Gbps,,0,,0,,0,,,"secure routers, Redundant PSU, Has fans, Cryptography",C8475-G2,Ultra high performance campus secure router,5.8M route scale,2,cisco.com/site/us/en/products/collateral/networking/sdwan-routers/8000-secure-routers/8400-series-secure-routers-ds.html
C8500-G2,Rack,C8550-G2,Data center,No,Catalyst,No,Yes,12x 10GbE SFP+,12,10 Gbps,Can be configured via ports,0,10 Gbps,,10000,115 Gbps,19 Gbps,0,,0,,0,,,"secure routers, Redundant PSU, Has fans, Cryptography",C8550-G2,Secure WAN aggregation router,1RU form factor,2,cisco.com/site/us/en/products/collateral/networking/sdwan-routers/8000-secure-routers/8500-series-secure-routers-ds.html
C8500-G2,Rack,C8570-G2,Data center,No,Catalyst,No,Yes,"12x 10GbE SFP+ , 2x 40GbE QSFP+ , 2x 100GbE QSFP28",16,100 Gbps,Can be configured via ports,0,100 Gbps,,10000,190 Gbps,21 Gbps,0,,0,,0,,,"secure routers, Redundant PSU, Has fans, Cryptography",C8570-G2,High scale data center secure router,Max 240GE of ports enabled simultaneously,2,cisco.com/site/us/en/products/collateral/networking/sdwan-routers/8000-secure-routers/8500-series-secure-routers-ds.html
ISR1000,Desktop,ISR1100-4G,Small branch,No,Catalyst,No,Yes,4x 1GbE RJ45,4,1 Gbps,Shared with WAN ports,4,1 Gbps,,250,1.1 Gbps,477 Mbps,0,,0,,0,,,"Cryptography, Memory 4GB",ISR1100-4G,vEdge 100B migration platform,Supports Viptela OS or IOS XE SD-WAN,4,cisco.com/c/en/us/products/collateral/routers/1000-series-integrated-services-routers-isr/datasheet-c78-742893.html
ISR1000,Desktop,ISR1100-4GLTEGB,Small branch,No,Catalyst,Yes,Yes,4x 1GbE RJ45,4,1 Gbps,Shared with WAN ports,4,1 Gbps,,250,1.1 Gbps,477 Mbps,0,,0,,0,,,"LTE, Cryptography, Memory 4GB",ISR1100-4GLTEGB,vEdge 100M migration platform,Built-in CAT4 LTE,4,cisco.com/c/en/us/products/collateral/routers/1000-series-integrated-services-routers-isr/datasheet-c78-742893.html
ISR1000,Desktop,ISR1100-6G,Small branch,No,Catalyst,No,Yes,"4x 1GbE RJ45 , 2x 1GbE SFP",6,1 Gbps,Shared with WAN ports,6,1 Gbps,,1500,1.6 Gbps,1889 Mbps,0,,0,,0,,,"Cryptography, Memory 4GB",ISR1100-6G,vEdge 1000 migration platform,Supports Viptela OS or IOS XE SD-WAN,4,cisco.com/c/en/us/products/collateral/routers/1000-series-integrated-services-routers-isr/datasheet-c78-742893.html
ISR1000,Desktop,ISR1100X-4G,Small branch,No,Catalyst,No,Yes,4x 1GbE RJ45,4,1 Gbps,Shared with WAN ports,4,1 Gbps,,500,477 Mbps,,0,,0,,0,,,"Cryptography, Memory 8GB",ISR1100X-4G,Advanced security vEdge 100B migration platform,Includes 8GB DRAM,4,cisco.com/c/en/us/products/collateral/routers/1000-series-integrated-services-routers-isr/datasheet-c78-742893.html
ISR1000,Desktop,ISR1100X-6G,Small branch,No,Catalyst,No,Yes,"4x 1GbE RJ45 , 2x 1GbE SFP",6,1 Gbps,Shared with WAN ports,6,1 Gbps,,3000,1889 Mbps,,0,,0,,0,,,"Cryptography, Memory 8GB",ISR1100X-6G,Advanced security vEdge 1000 migration platform,Includes 8GB DRAM,4,cisco.com/c/en/us/products/collateral/routers/1000-series-integrated-services-routers-isr/datasheet-c78-742893.html
ISR1000,Desktop,C1101-4P,Small branch,No,Catalyst,No,Yes,1x 1GbE RJ45,1,1 Gbps,4x 1GbE RJ45,4,1 Gbps,,,450 Mbps,,0,,0,,0,,,"Cryptography, Memory 4GB",C1101-4P,Compact fixed router,Smallest form factor,4,cisco.com/c/en/us/products/collateral/routers/1000-series-integrated-services-routers-isr/datasheet-c78-739512.html
ISR1000,Desktop,C1101-4PLTEP,Small branch,No,Catalyst,Yes,Yes,1x 1GbE RJ45,1,1 Gbps,4x 1GbE RJ45,4,1 Gbps,,,450 Mbps,,1,LTE Pluggable,0,,0,,,"Cryptography, Memory 4GB",C1101-4PLTEP,Compact router with cellular expansion,Accepts pluggable LTE module,4,cisco.com/c/en/us/products/collateral/routers/1000-series-integrated-services-routers-isr/datasheet-c78-739512.html
ISR1000,Desktop,C1109-2PLTEGB,Small branch,No,Catalyst,Yes,Yes,1x 1GbE RJ45,1,1 Gbps,2x 1GbE RJ45,2,1 Gbps,,,340 Mbps,,1,LTE Pluggable,0,,0,,,"LTE, Cryptography, Memory 4GB",C1109-2PLTEGB,Hardened router with cellular,Built for wider temperature ranges,4,cisco.com/c/en/us/products/collateral/routers/1000-series-integrated-services-routers-isr/datasheet-c78-739512.html
ISR1000,Desktop,C1109-4PLTE2P,Small branch,No,Catalyst,Yes,Yes,1x 1GbE RJ45,1,1 Gbps,4x 1GbE RJ45,4,1 Gbps,,,340 Mbps,,2,LTE Pluggable,0,,0,,,"LTE, Cryptography, Memory 4GB",C1109-4PLTE2P,Hardened router with dual cellular,"Supports 2 LTE PIMs in active-st,by",4,cisco.com/c/en/us/products/collateral/routers/1000-series-integrated-services-routers-isr/datasheet-c78-739512.html
ISR1000,Desktop,C1111-4P,Small branch,No,Catalyst,No,Yes,"1x 1GbE RJ45 , 1x 1GbE SFP Combo",1,1 Gbps,4x 1GbE RJ45,4,1 Gbps,,,450 Mbps,,0,,0,,0,,,"PoE, Cryptography, Memory 4GB",C1111-4P,"St,ard branch router",Optional internal adapter for PoE,4,cisco.com/c/en/us/products/collateral/routers/1000-series-integrated-services-routers-isr/datasheet-c78-739512.html
ISR1000,Desktop,C1111-4P-DNA,Small branch,No,Catalyst,No,Yes,"1x 1GbE RJ45 , 1x 1GbE SFP Combo",1,1 Gbps,4x 1GbE RJ45,4,1 Gbps,,,450 Mbps,,0,,0,,0,,,"PoE, Cryptography, Memory 4GB",C1111-4P-DNA,"St,ard branch router with DNA",Ships with DNA subscription,4,cisco.com/c/en/us/products/collateral/routers/1000-series-integrated-services-routers-isr/datasheet-c78-739512.html
ISR1000,Desktop,C1111-8P,Small branch,No,Catalyst,No,Yes,"1x 1GbE RJ45 , 1x 1GbE SFP Combo",1,1 Gbps,8x 1GbE RJ45,8,1 Gbps,,,450 Mbps,,0,,0,,0,,,"PoE, Cryptography, Memory 4GB",C1111-8P,8-port branch router,Optional internal adapter for PoE,4,cisco.com/c/en/us/products/collateral/routers/1000-series-integrated-services-routers-isr/datasheet-c78-739512.html
ISR1000,Desktop,C1111-8P-DNA,Small branch,No,Catalyst,No,Yes,"1x 1GbE RJ45 , 1x 1GbE SFP Combo",1,1 Gbps,8x 1GbE RJ45,8,1 Gbps,,,450 Mbps,,0,,0,,0,,,"PoE, Cryptography, Memory 4GB",C1111-8P-DNA,8-port branch router with DNA,Ships with DNA subscription,4,cisco.com/c/en/us/products/collateral/routers/1000-series-integrated-services-routers-isr/datasheet-c78-739512.html
ISR1000,Desktop,C1111X-8P,Small branch,No,Catalyst,No,Yes,"1x 1GbE RJ45 , 1x 1GbE SFP Combo",1,1 Gbps,8x 1GbE RJ45,8,1 Gbps,,,670 Mbps,,0,,0,,0,,,"PoE, Cryptography, Memory 8GB",C1111X-8P,8-port advanced security router,Includes 8GB DRAM,4,cisco.com/c/en/us/products/collateral/routers/1000-series-integrated-services-routers-isr/datasheet-c78-739512.html
ISR1000,Desktop,C1112-8P,Small branch,No,Catalyst,No,,1x 1GbE RJ45,1,1 Gbps,8x 1GbE RJ45,8,1 Gbps,,,450 Mbps,,0,,0,,0,,,"PoE, Cryptography, Memory 4GB",C1112-8P,Branch router with DSL,Includes G.FAST (Annex B),4,cisco.com/c/en/us/products/collateral/routers/1000-series-integrated-services-routers-isr/datasheet-c78-739512.html
ISR1000,Desktop,C1113-8P,Small branch,No,Catalyst,No,,1x 1GbE RJ45,1,1 Gbps,8x 1GbE RJ45,8,1 Gbps,,,450 Mbps,,0,,0,,0,,,"PoE, Cryptography, Memory 4GB",C1113-8P,Branch router with DSL,Includes G.FAST (Annex A),4,cisco.com/c/en/us/products/collateral/routers/1000-series-integrated-services-routers-isr/datasheet-c78-739512.html
ISR1000,Desktop,C1113-8PM,Small branch,No,Catalyst,No,,1x 1GbE RJ45,1,1 Gbps,8x 1GbE RJ45,8,1 Gbps,,,450 Mbps,,0,,0,,0,,,"PoE, Cryptography, Memory 4GB",C1113-8PM,Branch router with ADSL2/VDSL2+,Includes Annex M,4,cisco.com/c/en/us/products/collateral/routers/1000-series-integrated-services-routers-isr/datasheet-c78-739512.html
ISR1000,Desktop,C1116-4P,Small branch,No,Catalyst,No,,1x 1GbE RJ45,1,1 Gbps,4x 1GbE RJ45,4,1 Gbps,,,450 Mbps,,0,,0,,0,,,"PoE, Cryptography, Memory 4GB",C1116-4P,4-port branch router with DSL,Includes ADSL2/VDSL2+ (Annex B/J),4,cisco.com/c/en/us/products/collateral/routers/1000-series-integrated-services-routers-isr/datasheet-c78-739512.html
ISR1000,Desktop,C1117-4P,Small branch,No,Catalyst,No,,1x 1GbE RJ45,1,1 Gbps,4x 1GbE RJ45,4,1 Gbps,,,450 Mbps,,0,,0,,0,,,"PoE, Cryptography, Memory 4GB",C1117-4P,4-port branch router with DSL,Includes ADSL2/VDSL2+ (Annex A),4,cisco.com/c/en/us/products/collateral/routers/1000-series-integrated-services-routers-isr/datasheet-c78-739512.html
ISR1000,Desktop,C1117-4PM,Small branch,No,Catalyst,No,,1x 1GbE RJ45,1,1 Gbps,4x 1GbE RJ45,4,1 Gbps,,,450 Mbps,,0,,0,,0,,,"PoE, Cryptography, Memory 4GB",C1117-4PM,4-port branch router with DSL,Includes ADSL2/VDSL2+ (Annex M),4,cisco.com/c/en/us/products/collateral/routers/1000-series-integrated-services-routers-isr/datasheet-c78-739512.html
ISR1000,Desktop,C1121-4P,Small branch,No,Catalyst,No,,1x 1GbE RJ45,1,1 Gbps,4x 1GbE RJ45,4,1 Gbps,,,450 Mbps,,0,,0,,0,,,"PoE, Cryptography, Memory 4GB",C1121-4P,"St,ard 4-port branch router",Entry level,4,cisco.com/c/en/us/products/collateral/routers/1000-series-integrated-services-routers-isr/datasheet-c78-739512.html
ISR1000,Desktop,C1121-4PLTEP,Small branch,No,Catalyst,Yes,,1x 1GbE RJ45,1,1 Gbps,4x 1GbE RJ45,4,1 Gbps,,,450 Mbps,,1,LTE Pluggable,0,,0,,,"PoE, Cryptography, Memory 4GB",C1121-4PLTEP,4-port branch router with cellular expansion,Accepts pluggable LTE module,4,cisco.com/c/en/us/products/collateral/routers/1000-series-integrated-services-routers-isr/datasheet-c78-739512.html
ISR1000,Desktop,C1121-8P,Small branch,No,Catalyst,No,,1x 1GbE RJ45,1,1 Gbps,8x 1GbE RJ45,8,1 Gbps,,,450 Mbps,,0,,0,,0,,,"PoE, Cryptography, Memory 4GB",C1121-8P,"St,ard 8-port branch router",Entry level,4,cisco.com/c/en/us/products/collateral/routers/1000-series-integrated-services-routers-isr/datasheet-c78-739512.html
ISR1000,Desktop,C1121-8PLTEP,Small branch,No,Catalyst,Yes,,1x 1GbE RJ45,1,1 Gbps,8x 1GbE RJ45,8,1 Gbps,,,450 Mbps,,1,LTE Pluggable,0,,0,,,"PoE, Cryptography, Memory 4GB",C1121-8PLTEP,8-port branch router with cellular expansion,Accepts pluggable LTE module,4,cisco.com/c/en/us/products/collateral/routers/1000-series-integrated-services-routers-isr/datasheet-c78-739512.html
ISR1000,Desktop,C1121X-8P,Small branch,No,Catalyst,No,,1x 1GbE RJ45,1,1 Gbps,8x 1GbE RJ45,8,1 Gbps,,,670 Mbps,,0,,0,,0,,,"PoE, Cryptography, Memory 8GB",C1121X-8P,Advanced security 8-port branch router,Includes 8GB DRAM,4,cisco.com/c/en/us/products/collateral/routers/1000-series-integrated-services-routers-isr/datasheet-c78-739512.html
ISR1000,Desktop,C1121X-8PLTEP,Small branch,No,Catalyst,Yes,,1x 1GbE RJ45,1,1 Gbps,8x 1GbE RJ45,8,1 Gbps,,,670 Mbps,,1,LTE Pluggable,0,,0,,,"PoE, Cryptography, Memory 8GB",C1121X-8PLTEP,Advanced security router with cellular,Accepts pluggable LTE module,4,cisco.com/c/en/us/products/collateral/routers/1000-series-integrated-services-routers-isr/datasheet-c78-739512.html
ISR1000,Desktop,C1126-8PLTEP,Small branch,No,Catalyst,Yes,,1x 1GbE RJ45,1,1 Gbps,8x 1GbE RJ45,8,1 Gbps,,,450 Mbps,,1,LTE Pluggable,0,,0,,,"PoE, Cryptography, Memory 4GB",C1126-8PLTEP,8-port branch router with ADSL/VDSL,Includes Annex B/J,4,cisco.com/c/en/us/products/collateral/routers/1000-series-integrated-services-routers-isr/datasheet-c78-739512.html
ISR1000,Desktop,C1126X-8PLTEP,Small branch,No,Catalyst,Yes,,1x 1GbE RJ45,1,1 Gbps,8x 1GbE RJ45,8,1 Gbps,,,670 Mbps,,1,LTE Pluggable,0,,0,,,"PoE, Cryptography, Memory 8GB",C1126X-8PLTEP,Advanced security router with ADSL/VDSL,Includes Annex B/J,4,cisco.com/c/en/us/products/collateral/routers/1000-series-integrated-services-routers-isr/datasheet-c78-739512.html
ISR1000,Desktop,C1127-8PLTEP,Small branch,No,Catalyst,Yes,,1x 1GbE RJ45,1,1 Gbps,8x 1GbE RJ45,8,1 Gbps,,,450 Mbps,,1,LTE Pluggable,0,,0,,,"PoE, Cryptography, Memory 4GB",C1127-8PLTEP,8-port branch router with ADSL/VDSL,Includes Annex A,4,cisco.com/c/en/us/products/collateral/routers/1000-series-integrated-services-routers-isr/datasheet-c78-739512.html
ISR1000,Desktop,C1127X-8PLTEP,Small branch,No,Catalyst,Yes,,1x 1GbE RJ45,1,1 Gbps,8x 1GbE RJ45,8,1 Gbps,,,670 Mbps,,1,LTE Pluggable,0,,0,,,"PoE, Cryptography, Memory 8GB",C1127X-8PLTEP,Advanced security router with ADSL/VDSL,Includes Annex A,4,cisco.com/c/en/us/products/collateral/routers/1000-series-integrated-services-routers-isr/datasheet-c78-739512.html
ISR1000,Desktop,C1127-8PMLTEP,Small branch,No,Catalyst,Yes,,1x 1GbE RJ45,1,1 Gbps,8x 1GbE RJ45,8,1 Gbps,,,450 Mbps,,1,LTE Pluggable,0,,0,,,"PoE, Cryptography, Memory 4GB",C1127-8PMLTEP,8-port branch router with ADSL/VDSL,Includes Annex M,4,cisco.com/c/en/us/products/collateral/routers/1000-series-integrated-services-routers-isr/datasheet-c78-739512.html
ISR1000,Desktop,C1127X-8PMLTEP,Small branch,No,Catalyst,Yes,,1x 1GbE RJ45,1,1 Gbps,8x 1GbE RJ45,8,1 Gbps,,,670 Mbps,,1,LTE Pluggable,0,,0,,,"PoE, Cryptography, Memory 8GB",C1127X-8PMLTEP,Advanced security router with ADSL/VDSL,Includes Annex M,4,cisco.com/c/en/us/products/collateral/routers/1000-series-integrated-services-routers-isr/datasheet-c78-739512.html
ISR1000,Desktop,C1131-8P,Small branch,No,Catalyst,No,,2x 1GbE SFP Combo,2,1 Gbps,8x 1GbE RJ45,8,1 Gbps,,,450 Mbps,,0,,0,,0,,,"PoE, Cryptography, Memory 4GB",C1131-8P,Dual WAN combo router,Entry level,4,cisco.com/c/en/us/products/collateral/routers/1000-series-integrated-services-routers-isr/datasheet-c78-739512.html
ISR1000,Desktop,C1131X-8P,Small branch,No,Catalyst,No,,2x 1GbE SFP Combo,2,1 Gbps,8x 1GbE RJ45,8,1 Gbps,,,680 Mbps,,0,,0,,0,,,"PoE, Cryptography, Memory 8GB",C1131X-8P,Advanced security dual WAN router,Includes 8GB DRAM,4,cisco.com/c/en/us/products/collateral/routers/1000-series-integrated-services-routers-isr/datasheet-c78-739512.html
ISR1000,Desktop,C1161-8P,Small branch,No,Catalyst,No,,2x 1GbE SFP Combo,2,1 Gbps,8x 1GbE RJ45,8,1 Gbps,,,450 Mbps,,0,,0,,0,,,"PoE, Cryptography, Memory 4GB",C1161-8P,Dual WAN combo branch router,Entry level,4,cisco.com/c/en/us/products/collateral/routers/1000-series-integrated-services-routers-isr/datasheet-c78-739512.html
ISR1000,Desktop,C1161X-8P,Small branch,No,Catalyst,No,,2x 1GbE SFP Combo,2,1 Gbps,8x 1GbE RJ45,8,1 Gbps,,,800 Mbps,,0,,0,,0,,,"PoE, Cryptography, Memory 8GB",C1161X-8P,Advanced security dual WAN router,Highest throughput in ISR 1000 range,4,cisco.com/c/en/us/products/collateral/routers/1000-series-integrated-services-routers-isr/datasheet-c78-739512.html
ISR1000,Desktop,C1161-8PLTEP,Small branch,No,Catalyst,Yes,,2x 1GbE SFP Combo,2,1 Gbps,8x 1GbE RJ45,8,1 Gbps,,,450 Mbps,,1,LTE Pluggable,0,,0,,,"PoE, Cryptography, Memory 4GB",C1161-8PLTEP,Dual WAN router with cellular expansion,Accepts pluggable LTE module,4,cisco.com/c/en/us/products/collateral/routers/1000-series-integrated-services-routers-isr/datasheet-c78-739512.html
ISR1000,Desktop,C1161X-8PLTEP,Small branch,No,Catalyst,Yes,,2x 1GbE SFP Combo,2,1 Gbps,8x 1GbE RJ45,8,1 Gbps,,,800 Mbps,,1,LTE Pluggable,0,,0,,,"PoE, Cryptography, Memory 8GB",C1161X-8PLTEP,Advanced security router with cellular,Highest throughput in ISR 1000 range,4,cisco.com/c/en/us/products/collateral/routers/1000-series-integrated-services-routers-isr/datasheet-c78-739512.html
C900,Desktop,C921-4P,Micro branch,No,Catalyst,No,,2x 1GbE RJ45,2,1 Gbps,4x 1GbE RJ45,4,1 Gbps,,,150 Mbps,,0,,0,,0,,,Cryptography,C921-4P,Micro branch fixed router,Entry level,,cisco.com/c/en/us/products/collateral/routers/900-series-integrated-services-routers-isr/datasheet-c78-741615.html
C900,Desktop,C921-4PLTEGB,Micro branch,No,Catalyst,Yes,,2x 1GbE RJ45,2,1 Gbps,4x 1GbE RJ45,4,1 Gbps,,,150 Mbps,,0,,0,,0,,,"LTE, Cryptography",C921-4PLTEGB,Micro branch router with LTE,"Global LTE b,s",,cisco.com/c/en/us/products/collateral/routers/900-series-integrated-services-routers-isr/datasheet-c78-741615.html
C900,Desktop,C926-4P,Micro branch,No,Catalyst,No,,"1x 1GbE RJ45 , 1x DSL",2,1 Gbps,4x 1GbE RJ45,4,1 Gbps,,,150 Mbps,,0,,0,,0,,,Cryptography,C926-4P,Micro branch router with DSL,Entry level,,cisco.com/c/en/us/products/collateral/routers/900-series-integrated-services-routers-isr/datasheet-c78-741615.html
C900,Desktop,C927-4P,Micro branch,No,Catalyst,No,,"1x 1GbE RJ45 , 1x DSL",2,1 Gbps,4x 1GbE RJ45,4,1 Gbps,,,150 Mbps,,0,,0,,0,,,Cryptography,C927-4P,Micro branch router with DSL,"VDSL2 , ADSL2+",,cisco.com/c/en/us/products/collateral/routers/900-series-integrated-services-routers-isr/datasheet-c78-741615.html
C900,Desktop,C927-4PM,Micro branch,No,Catalyst,No,,"1x 1GbE RJ45 , 1x DSL",2,1 Gbps,4x 1GbE RJ45,4,1 Gbps,,,150 Mbps,,0,,0,,0,,,Cryptography,C927-4PM,Micro branch router with DSL,Includes Annex M,,cisco.com/c/en/us/products/collateral/routers/900-series-integrated-services-routers-isr/datasheet-c78-741615.html
C900,Desktop,C927-4PLTEGB,Micro branch,No,Catalyst,Yes,,"1x 1GbE RJ45 , 1x DSL",2,1 Gbps,4x 1GbE RJ45,4,1 Gbps,,,150 Mbps,,0,,0,,0,,,"LTE, Cryptography",C927-4PLTEGB,"Micro branch router with DSL , LTE","Global LTE b,s",,cisco.com/c/en/us/products/collateral/routers/900-series-integrated-services-routers-isr/datasheet-c78-741615.html
C900,Desktop,C931-4P,Micro branch,No,Catalyst,No,,2x 1GbE RJ45,2,1 Gbps,4x 1GbE RJ45,4,1 Gbps,,,250 Mbps,,0,,0,,0,,,Cryptography,C931-4P,High performance micro branch router,Advanced IPsec capacity,,cisco.com/c/en/us/products/collateral/routers/900-series-integrated-services-routers-isr/datasheet-c78-741615.html
MX67,Desktop,MX67,Small branch,No,Meraki,No,,1x 1GbE RJ45,1,1 Gbps,4x 1GbE RJ45,4,1 Gbps,50,50,700 Mbps,400 Mbps,0,,0,,0,,,"Cryptography, NGFW capable, IPS, IDS, Advanced Malware Protection, URL filtering",MX67-HW,Small branch firewall,WAN available via convertible LAN,3,https://documentation.meraki.com/SASE_and_SD-WAN/MX/Product_Information/Overviews_and_Datasheets/MX67_and_MX68_Datasheet
MX67,Desktop,MX67W,Small branch,No,Meraki,Yes,,1x 1GbE RJ45,1,1 Gbps,4x 1GbE RJ45,4,1 Gbps,50,50,700 Mbps,400 Mbps,0,,0,,0,,,"wireless, Cryptography, NGFW capable, IPS, IDS, Advanced Malware Protection, URL filtering",MX67W-HW,Small branch firewall with Wi-Fi,802.11ac wave 2,3,https://documentation.meraki.com/SASE_and_SD-WAN/MX/Product_Information/Overviews_and_Datasheets/MX67_and_MX68_Datasheet
MX67,Desktop,MX67C,Small branch,No,Meraki,Yes,,"1x 1GbE RJ45 , Cellular",2,1 Gbps,4x 1GbE RJ45,4,1 Gbps,50,50,700 Mbps,400 Mbps,0,,0,,0,,,"LTE, Cryptography, NGFW capable, IPS, IDS, Advanced Malware Protection, URL filtering",MX67C-HW,Small branch firewall with LTE failover,"LTE b,s vary by region",3,https://documentation.meraki.com/SASE_and_SD-WAN/MX/Product_Information/Overviews_and_Datasheets/MX67_and_MX68_Datasheet
MX68,Desktop,MX68,Small branch,No,Meraki,No,,2x 1GbE RJ45,2,1 Gbps,10x 1GbE RJ45,10,1 Gbps,50,50,700 Mbps,300 Mbps,0,,0,,0,,,"PoE, Cryptography, NGFW capable, IPS, IDS, Advanced Malware Protection, URL filtering",MX68-HW,Small branch firewall with high port density,Includes 2 PoE+ ports,3,https://documentation.meraki.com/SASE_and_SD-WAN/MX/Product_Information/Overviews_and_Datasheets/MX67_and_MX68_Datasheet
MX68,Desktop,MX68W,Small branch,No,Meraki,Yes,,2x 1GbE RJ45,2,1 Gbps,10x 1GbE RJ45,10,1 Gbps,50,50,700 Mbps,300 Mbps,0,,0,,0,,,"wireless, PoE, Cryptography, NGFW capable, IPS, IDS, Advanced Malware Protection, URL filtering",MX68W-HW,"Small branch firewall with high port density , Wi-Fi",Includes 2 PoE+ ports,3,https://documentation.meraki.com/SASE_and_SD-WAN/MX/Product_Information/Overviews_and_Datasheets/MX67_and_MX68_Datasheet
MX68,Desktop,MX68CW,Small branch,No,Meraki,Yes,,"2x 1GbE RJ45 , Cellular",3,1 Gbps,10x 1GbE RJ45,10,1 Gbps,50,50,700 Mbps,300 Mbps,0,,0,,0,,,"wireless, LTE, PoE, Cryptography, NGFW capable, IPS, IDS, Advanced Malware Protection, URL filtering",MX68CW-HW,"Small branch firewall with LTE , Wi-Fi",Includes 2 PoE+ ports,3,https://documentation.meraki.com/SASE_and_SD-WAN/MX/Product_Information/Overviews_and_Datasheets/MX67_and_MX68_Datasheet
MX75,Desktop,MX75,Medium branch,No,Meraki,No,,"2x 1GbE SFP , 1x 1GbE RJ45",3,1 Gbps,10x 1GbE RJ45,10,1 Gbps,200,75,1 Gbps,1 Gbps,0,,0,,0,,,"PoE, Cryptography, NGFW capable, IPS, IDS, Advanced Malware Protection, URL filtering",MX75-HW,Growing branch firewall with fiber uplinks,Includes 2 PoE+ ports,3,https://documentation.meraki.com/SASE_and_SD-WAN/MX/Product_Information/Overviews_and_Datasheets/MX75_Datasheet
MX84,Rack,MX84,Medium branch,No,Meraki,No,,2x 1GbE RJ45,2,1 Gbps,"8x 1GbE RJ45 , 2x 1GbE SFP",10,1 Gbps,200,100,500 Mbps,320 Mbps,0,,0,,0,,,"Has fans, Cryptography, NGFW capable, IPS, IDS, Advanced Malware Protection, URL filtering",MX84-HW,Rackmount branch firewall,Reaching End of Sale,3,https://documentation.meraki.com/SASE_and_SD-WAN/MX/Product_Information/Overviews_and_Datasheets/MX84_Datasheet
MX85,Rack,MX85,Medium branch,No,Meraki,No,,"2x 1GbE SFP , 2x 1GbE RJ45",4,1 Gbps,"8x 1GbE RJ45 , 2x 1GbE SFP",10,10 Gbps,250,100,1 Gbps,1 Gbps,0,,0,,0,,,"Has fans, Cryptography, NGFW capable, IPS, IDS, Advanced Malware Protection, URL filtering",MX85-HW,Rackmount medium branch firewall,Port multiplexing disables RJ45 if SFP used,3,https://documentation.meraki.com/SASE_and_SD-WAN/MX/Product_Information/Overviews_and_Datasheets/MX85_Datasheet
MX95,Rack,MX95,Medium branch,No,Meraki,No,,"2x 10GbE SFP+ , 2x 2.5GbE RJ45",4,10 Gbps,"4x 1GbE RJ45 , 2x 10GbE SFP+",6,10 Gbps,500,250,3 Gbps,2 Gbps,0,,0,,0,,,"PoE, Has fans, multigigabit capable, Cryptography, NGFW capable, IPS, IDS, Advanced Malware Protection, URL filtering",MX95-HW,Mid-sized enterprise firewall with 10G interfaces,WAN RJ45 port 4 provides PoE+,3,https://documentation.meraki.com/SASE_and_SD-WAN/MX/Product_Information/Overviews_and_Datasheets/MX95%2F%2F105_Datasheet
MX105,Rack,MX105,Medium branch,No,Meraki,No,,"2x 10GbE SFP+ , 2x 2.5GbE RJ45",4,10 Gbps,"4x 1GbE RJ45 , 2x 10GbE SFP+",6,10 Gbps,750,500,5 Gbps,2.5 Gbps,0,,0,,0,,,"PoE, Redundant PSU, Has fans, multigigabit capable, Cryptography, NGFW capable, IPS, IDS, Advanced Malware Protection, URL filtering",MX105-HW,High performance branch firewall,Redundant dual power supplies included,3,https://documentation.meraki.com/SASE_and_SD-WAN/MX/Product_Information/Overviews_and_Datasheets/MX95%2F%2F105_Datasheet
MX250,Rack,MX250,Large campus,No,Meraki,No,,2x 10GbE SFP+,2,10 Gbps,"8x 10GbE SFP+ , 8x 1GbE SFP , 8x 1GbE RJ45",24,10 Gbps,2000,1000,7 Gbps,3 Gbps,0,,0,,0,,,"Redundant PSU, Has fans, Cryptography, NGFW capable, IPS, IDS, Advanced Malware Protection, URL filtering",MX250-HW,"Enterprise core firewall , VPN concentrator",Power cable must be purchased separately outside US,3,https://documentation.meraki.com/SASE_and_SD-WAN/MX/Product_Information/Overviews_and_Datasheets/MX250_Datasheet
MX450,Rack,MX450,Data center,No,Meraki,No,,2x 10GbE SFP+,2,10 Gbps,"8x 10GbE SFP+ , 8x 1GbE SFP , 8x 1GbE RJ45",24,10 Gbps,10000,1500,10 Gbps,7 Gbps,0,,0,,0,,,"Redundant PSU, Has fans, Cryptography, NGFW capable, IPS, IDS, Advanced Malware Protection, URL filtering",MX450-HW,"Flagship core firewall , VPN concentrator",Power cable must be purchased separately outside US,3,https://documentation.meraki.com/SASE_and_SD-WAN/MX/Product_Information/Overviews_and_Datasheets/MX450_Datasheet
vMX,Virtual,vMX-S,Virtual deployment,No,Meraki,No,,1x Virtual WAN,1,250 Mbps,1x Virtual LAN,1,250 Mbps,500,50,250 Mbps,200 Mbps,0,,0,,0,,,"Cryptography, NGFW capable, IPS, IDS, URL filtering",LIC-VMX-S,Virtual firewall instance for cloud small tier,Requires MX 18.2+ for dual interfaces,3,https://documentation.meraki.com/SASE_and_SD-WAN/MX/Install_and_Get_Started/Installation_Guides/vMX_Comparison_Datasheet
vMX,Virtual,vMX-M,Virtual deployment,No,Meraki,No,,1x Virtual WAN,1,500 Mbps,1x Virtual LAN,1,500 Mbps,2500,250,500 Mbps,400 Mbps,0,,0,,0,,,"Cryptography, NGFW capable, IPS, IDS, URL filtering",LIC-VMX-M,Virtual firewall instance for cloud medium tier,Cannot support dual WAN,3,https://documentation.meraki.com/SASE_and_SD-WAN/MX/Install_and_Get_Started/Installation_Guides/vMX_Comparison_Datasheet
vMX,Virtual,vMX-L,Virtual deployment,No,Meraki,No,,1x Virtual WAN,1,1 Gbps,1x Virtual LAN,1,1 Gbps,10000,1000,1 Gbps,1 Gbps,0,,0,,0,,,"Cryptography, NGFW capable, IPS, IDS, URL filtering",LIC-VMX-L,Virtual firewall instance for cloud large tier,Does not support 802.1x port auth,3,https://documentation.meraki.com/SASE_and_SD-WAN/MX/Install_and_Get_Started/Installation_Guides/vMX_Comparison_Datasheet
Z-Series,Desktop,Z3,Small branch,No,Meraki,Yes,,1x 1GbE RJ45,1,1 Gbps,4x 1GbE RJ45,4,1 Gbps,5,5,100 Mbps,50 Mbps,0,,0,,0,,,"wireless, PoE, Cryptography, NGFW capable",Z3-HW,Teleworker gateway with 802.11ac,Includes 1 PoE port,3,https://meraki.cisco.com/product-collateral/z-series-datasheet/?file
Z-Series,Desktop,Z3C,Small branch,No,Meraki,Yes,,"1x 1GbE RJ45 , Cellular",2,1 Gbps,4x 1GbE RJ45,4,1 Gbps,5,5,100 Mbps,50 Mbps,0,,0,,0,,,"wireless, LTE, PoE, Cryptography, NGFW capable",Z3C-HW,"Teleworker gateway with 802.11ac , LTE",Includes CAT3 LTE modem,3,https://meraki.cisco.com/product-collateral/z-series-datasheet/?file
Z-Series,Desktop,Z4,Small branch,No,Meraki,Yes,,1x 1GbE RJ45,1,1 Gbps,4x 1GbE RJ45,4,1 Gbps,15,15,500 Mbps,300 Mbps,0,,0,,0,,,"wireless, PoE, Cryptography, NGFW capable",Z4-HW,Teleworker gateway with WiFi 6,Supports 802.3at PoE,3,https://documentation.meraki.com/SASE_and_SD-WAN/Z-Series_Teleworker_Gateways/Product_Information/Z4_Datasheet
Z-Series,Desktop,Z4C,Small branch,No,Meraki,Yes,,"1x 1GbE RJ45 , Cellular",2,1 Gbps,4x 1GbE RJ45,4,1 Gbps,15,15,500 Mbps,300 Mbps,0,,0,,0,,,"wireless, LTE, PoE, Cryptography, NGFW capable",Z4C-HW,"Teleworker gateway with WiFi 6 , LTE",Built-in CAT12 LTE Modem,3,https://documentation.meraki.com/SASE_and_SD-WAN/Z-Series_Teleworker_Gateways/Product_Information/Z4C_Datasheet
NCS 540-S,Rack,N540X-6Z18G,Small Density,No,Catalyst,,,,,,,,,,,,,,,,,,,,,"N540X-6Z18G-SYS-A, N540X-6Z18G-SYS-D",,,,https://www.cisco.com/c/en/us/products/collateral/routers/network-convergence-system-500-series-routers/datasheet-c78-744713.html#Orderinginformation
NCS 540-S,Rack,N540X-8Z16G,Small Density,No,Catalyst,,,,,,,,,,,,,,,,,,,,,"N540X-8Z16G-SYS-A, N540X-8Z16G-SYS-D",,,,https://www.cisco.com/c/en/us/products/collateral/routers/network-convergence-system-500-series-routers/datasheet-c78-744713.html#Orderinginformation
NCS 540-S,Rack,N540X-4Z14G2Q,Small Density,No,Catalyst,,,,,,,,,,,,,,,,,,,,,"N540X-4Z14G2Q-A, N540X-4Z14G2Q-D",,,,https://www.cisco.com/c/en/us/products/collateral/routers/network-convergence-system-500-series-routers/datasheet-c78-744713.html#Orderinginformation
NCS 540-S,Rack,N540-6Z14S,Small Density,No,Catalyst,,,,,,,,,,,,,,,,,,,,,N540-6Z14S-SYS-D,,,,https://www.cisco.com/c/en/us/products/collateral/routers/network-convergence-system-500-series-routers/datasheet-c78-744713.html#Orderinginformation
NCS 540-S,Rack,N540-6Z18G,Small Density,No,Catalyst,,,,,,,,,,,,,,,,,,,,,"N540-6Z18G-SYS-A, N540-6Z18G-SYS-D",,,,https://www.cisco.com/c/en/us/products/collateral/routers/network-convergence-system-500-series-routers/datasheet-c78-744713.html#Orderinginformation
NCS 540-S,Rack,N540X-6Z6G,Small Density,No,Catalyst,,,,,,,,,,,,,,,,,,,,,N540X-6Z6G-SYS,,,,https://www.cisco.com/c/en/us/products/collateral/routers/network-convergence-system-500-series-routers/datasheet-c78-744713.html#Orderinginformation
NCS 540-S,Rack,N540-8Z12G,Small Density,No,Catalyst,,,,,,,,,,,,,,,,,,,,,N540-8Z12G-SYS-D,,,,https://www.cisco.com/c/en/us/products/collateral/routers/network-convergence-system-500-series-routers/datasheet-c78-744713.html#Orderinginformation
NCS 540-M,Rack,N540-24Z8Q2C,Medium Density,No,Catalyst,,,,,,,,,,,,,,,,,,,,,N540-24Z8Q2C-SYS,,,,https://www.cisco.com/c/en/us/products/collateral/routers/network-convergence-system-500-series-routers/datasheet-c78-740296.html
NCS 540-M,Rack,N540-ACC-SYS,Medium Density,No,Catalyst,,,,,,,,,,,,,,,,,,,,,N540-ACC-SYS,,,,https://www.cisco.com/c/en/us/products/collateral/routers/network-convergence-system-500-series-routers/datasheet-c78-740296.html
NCS 540-M,Rack,N540X-ACC-SYS,Medium Density,No,Catalyst,,,,,,,,,,,,,,,,,,,,,N540X-ACC-SYS,,,,https://www.cisco.com/c/en/us/products/collateral/routers/network-convergence-system-500-series-routers/datasheet-c78-740296.html
NCS 540-M,Rack,N540X-16Z4G8Q2C,Medium Density,No,Catalyst,,,,,,,,,,,,,,,,,,,,,"N540X-16Z4G8Q2C-A, N540X-16Z4G8Q2C-D",,,,https://www.cisco.com/c/en/us/products/collateral/routers/network-convergence-system-500-series-routers/datasheet-c78-740296.html
NCS 540-M,Rack,N540X-12Z16G,Medium Density,No,Catalyst,,,,,,,,,,,,,,,,,,,,,"N540X-12Z16G-SYS-A, N540X-12Z16G-SYS-D",,,,https://www.cisco.com/c/en/us/products/collateral/routers/network-convergence-system-500-series-routers/datasheet-c78-740296.html
NCS 540-M,Rack,N540-28Z4C,Medium Density,No,Catalyst,,,,,,,,,,,,,,,,,,,,,"N540-28Z4C-SYS-A, N540-28Z4C-SYS-D",,,,https://www.cisco.com/c/en/us/products/collateral/routers/network-convergence-system-500-series-routers/datasheet-c78-740296.html
NCS 540-M,Rack,N540-12Z20G,Medium Density,No,Catalyst,,,,,,,,,,,,,,,,,,,,,"N540-12Z20G-SYS-A, N540-12Z20G-SYS-D",,,,https://www.cisco.com/c/en/us/products/collateral/routers/network-convergence-system-500-series-routers/datasheet-c78-740296.html
NCS 540-M,Rack,N540X-16Z8Q2C-D,Medium Density,No,Catalyst,,,,,,,,,,,,,,,,,,,,,N540X-16Z8Q2C-D,,,,https://www.cisco.com/c/en/us/products/collateral/routers/network-convergence-system-500-series-routers/datasheet-c78-740296.html
NCS 540-L,Rack,N540-24Q8L2DD,Large Density,No,Catalyst,,,,,,,,,,,,,,,,,,,,,N540-24Q8L2DD-SYS,,,,https://www.cisco.com/c/en/us/products/collateral/routers/network-convergence-system-500-series-routers/ncs-540-large-density-router-ds.html
NCS 540-L,Rack,N540-24Q2C2DD,Large Density,No,Catalyst,,,,,,,,,,,,,,,,,,,,,N540-24Q2C2DD-SYS,,,,https://www.cisco.com/c/en/us/products/collateral/routers/network-convergence-system-500-series-routers/ncs-540-large-density-router-ds.html
NCS 560,Chassis,N560-4-SYS,Aggregation,No,Catalyst,,,,,,,,,,,,,,,,,,,,,,,,,https://www.cisco.com/c/en/us/products/collateral/routers/network-convergence-system-560-series-routers/datasheet-c78-742029.html
NCS 560,Chassis,N560-4-SYS-E,Aggregation,No,Catalyst,,,,,,,,,,,,,,,,,,,,,,,,,https://www.cisco.com/c/en/us/products/collateral/routers/network-convergence-system-560-series-routers/datasheet-c78-742029.html
NCS 560,Chassis,N560-7-SYS,Aggregation,No,Catalyst,,,,,,,,,,,,,,,,,,,,,,,,,https://www.cisco.com/c/en/us/products/collateral/routers/network-convergence-system-560-series-routers/datasheet-c78-740297.html
NCS 560,Chassis,N560-7-SYS-E,Aggregation,No,Catalyst,,,,,,,,,,,,,,,,,,,,,,,,,https://www.cisco.com/c/en/us/products/collateral/routers/network-convergence-system-560-series-routers/datasheet-c78-740297.html
NCS 5700,,NCS 57B1-6D24-SYS,,No,,,,,,,,,,,,,,,,,,,,,,57B1-6D24-SYS,,,,https://www.cisco.com/c/en/us/products/collateral/routers/network-convergence-system-5500-series/datasheet-c78-744698.html
NCS 5700,,NCS 57B1-5DSE-SYS,,No,,,,,,,,,,,,,,,,,,,,,,57B1-5DSE-SYS,,,,https://www.cisco.com/c/en/us/products/collateral/routers/network-convergence-system-5500-series/datasheet-c78-744698.html
NCS 5700,,NCS 57C3-MOD-SYS,,No,,,,,,,,,,,,,,,,,,,,,,57C3-MOD-SYS,,,,https://www.cisco.com/c/en/us/products/collateral/routers/network-convergence-system-5500-series/ncs-57C3-fixed-chassis-ds.html
NCS 5700,,NCS 57C3-MODS-SYS,,No,,,,,,,,,,,,,,,,,,,,,,57C3-MODS-SYS,,,,https://www.cisco.com/c/en/us/products/collateral/routers/network-convergence-system-5500-series/ncs-57C3-fixed-chassis-ds.html
NCS 5700,,NCS 57C1-48Q6-SYS,,No,,,,,,,,,,,,,,,,,,,,,,57C1-48Q6-SYS,,,,https://www.cisco.com/c/en/us/products/collateral/routers/network-convergence-system-5700-series/ncs-57C1-fixed-chassis-ds.html
NCS 5700,,NCS-57D2-18DD-SYS,,No,,,,,,,,,,,,,,,,,,,,,,NCS-57D2-18DD-SYS,,,,https://www.cisco.com/c/en/us/products/collateral/routers/network-convergence-system-5500-series/ncs-57d2-18dd-fixed-chassis-ds.html#Orderinginformation
NCS 5500,,NCS-5501,,No,,,,,,,,,,,,,,,,,,,,,,NCS-5501,,,,https://www.cisco.com/c/en/us/products/collateral/routers/network-convergence-system-5500-series/datasheet-c78-737935.html
NCS 5500,,NCS 5501-SE,,No,,,,,,,,,,,,,,,,,,,,,,NCS-5501-SE,,,,https://www.cisco.com/c/en/us/products/collateral/routers/network-convergence-system-5500-series/datasheet-c78-737935.html
NCS 5500,Chassis,NCS 5508,,No,,,,,,,,,,,,,,,,,,,,,,NCS-5508,,,,https://www.cisco.com/c/en/us/products/collateral/routers/network-convergence-system-5500-series/datasheet-c78-736270.html
NCS 5500,Chassis,NCS 5516,,No,,,,,,,,,,,,,,,,,,,,,,NCS 5516,,,,https://www.cisco.com/c/en/us/products/collateral/routers/network-convergence-system-5500-series/datasheet-c78-736270.html
IR8300,Rugged,IR8340,,No,,,,,,,,,,,,,,,,,,,,,,IR8340-K9,,,5,https://www.cisco.com/c/en/us/products/collateral/routers/catalyst-ir8300-rugged-series-router/nb-06-cat-ir8340-rugged-ser-rout-ds-cte-en.html
IR8100 ,Rugged,IR8140H,,No,,,,,,,,,,,,,,,,,,,,,,IR8140H-K9,,,5,https://www.cisco.com/c/en/us/products/collateral/routers/catalyst-ir8100-heavy-duty-series-routers/nb-06-cat-ir8140-hd-ser-rout-ds-cte-en.html
IR8100 ,Rugged,IR8140H-P,,No,,,,,,,,,,,,,,,,,,,,,,IR8140H-P-K9,,,5,https://www.cisco.com/c/en/us/products/collateral/routers/catalyst-ir8100-heavy-duty-series-routers/nb-06-cat-ir8140-hd-ser-rout-ds-cte-en.html
IR8100 ,Rugged,IR1833,,No,,,,,,,,,,,,,,,,,,,,,,IR1833-K9,,,5,https://www.cisco.com/c/en/us/products/collateral/routers/catalyst-ir1800-rugged-series-routers/nb-06-cat-ir1800-rugged-ser-rout-ds-cte-en.html
IR8100 ,Rugged,IR1835,,No,,,,,,,,,,,,,,,,,,,,,,IR1835-K9,,,5,https://www.cisco.com/c/en/us/products/collateral/routers/catalyst-ir1800-rugged-series-routers/nb-06-cat-ir1800-rugged-ser-rout-ds-cte-en.html
IR1101 ,Rugged,IR1101,,No,,,,,,,,,,,,,,,,,,,,,,IR1101-K9,,,5,https://www.cisco.com/c/en/us/products/collateral/routers/1101-industrial-integrated-services-router/datasheet-c78-741709.html#OrderingInformation
IR1101 ,Rugged,IR1101-A,,No,,,,,,,,,,,,,,,,,,,,,,IR1101-A-K9,,,5,https://www.cisco.com/c/en/us/products/collateral/routers/1101-industrial-integrated-services-router/datasheet-c78-741709.html#OrderingInformation
ASR 9000,Chassis,ASR-9922,,No,,,,,,,,,,,,,,,,,,,,,,ASR-9922,,,6,https://www.cisco.com/c/en/us/products/collateral/routers/asr-9000-series-aggregation-services-routers/data_sheet_c78-501767.html#Orderinginformation
ASR 9000,Chassis,ASR-9912,,No,,,,,,,,,,,,,,,,,,,,,,ASR-9912,,,6,https://www.cisco.com/c/en/us/products/collateral/routers/asr-9000-series-aggregation-services-routers/data_sheet_c78-501767.html#Orderinginformation
ASR 9000,Chassis,ASR-9910,,No,,,,,,,,,,,,,,,,,,,,,,ASR-9910,,,6,https://www.cisco.com/c/en/us/products/collateral/routers/asr-9000-series-aggregation-services-routers/data_sheet_c78-501767.html#Orderinginformation
ASR 9000,Chassis,ASR-9906,,No,,,,,,,,,,,,,,,,,,,,,,ASR-9906,,,6,https://www.cisco.com/c/en/us/products/collateral/routers/asr-9000-series-aggregation-services-routers/data_sheet_c78-501767.html#Orderinginformation
ASR 9000,Chassis,ASR-9904,,No,,,,,,,,,,,,,,,,,,,,,,ASR-9904,,,6,https://www.cisco.com/c/en/us/products/collateral/routers/asr-9000-series-aggregation-services-routers/data_sheet_c78-501767.html#Orderinginformation
ASR 9000,Chassis,ASR-9903,,No,,,,,,,,,,,,,,,,,,,,,,ASR-9903,,,6,https://www.cisco.com/c/en/us/products/collateral/routers/asr-9000-series-aggregation-services-routers/data_sheet_c78-501767.html#Orderinginformation
ASR 9000,Chassis,ASR-9902,,No,,,,,,,,,,,,,,,,,,,,,,ASR-9902,,,6,https://www.cisco.com/c/en/us/products/collateral/routers/asr-9000-series-aggregation-services-routers/data_sheet_c78-501767.html#Orderinginformation
ASR 9000,Chassis,ASR-9010,,No,,,,,,,,,,,,,,,,,,,,,,ASR-9010,,,6,https://www.cisco.com/c/en/us/products/collateral/routers/asr-9000-series-aggregation-services-routers/data_sheet_c78-501767.html#Orderinginformation
ASR 9000,Chassis,ASR-9006,,No,,,,,,,,,,,,,,,,,,,,,,ASR-9006,,,6,https://www.cisco.com/c/en/us/products/collateral/routers/asr-9000-series-aggregation-services-routers/data_sheet_c78-501767.html#Orderinginformation
ASR 9000,Rack,ASR 9000v2,,No,,,,,,,,,,,,,,,,,,,,,,A9KV-V2-AC,,,6,https://www.cisco.com/c/en/us/products/collateral/routers/asr-9000-series-aggregation-services-routers/data_sheet_c78-673744.html
